,date,infl_rate,forecast_cons_conf,forecast_gdp_pct_change,forecast_int_3m,forecast_ppi_diff,forecast_unm_rate,forecast_ar1,forecast_arp,forecast_ridge,forecast_pca,forecast_lstm,simple_avg,median_forecast,err_weighted
0,1999-02-01,0.0013927576601673,0.0011230530254257,0.0006747834574011,0.0009037198927974,0.0026987916348575,0.0029091642264085,-0.0008951073948657,0.0010947901330331,0.0014155602264438,-0.0021018096839868,0.0061479952222222,0.0013708965744514724,0.0011089215792293998,0.0013708965744514724
1,1999-03-01,0.0055632823365783,0.0028857671744516,0.0016953781222211,0.0027822018800212,0.0039134267777026,0.0029516262584037,-0.0001201290404211,0.0029840573324835,0.0027707146270178,0.0025788919916874,0.0056246876601673,0.002809146119179227,0.0028339845272364,0.0027353983663226844
2,1999-04-01,0.0041493775933609,0.0051809565690073,0.00445240209725,0.0052015508747234,0.0055212154427491,0.0059008330600229,0.0041100568578427,0.0053834316184047,0.0045669944465586,0.0035468941022716,0.0205299454507264,0.006325957658311096,0.00519125372186535,0.012130777052903557
3,1999-05-01,0.0027548209366392,0.0019627234863367,0.0014611979988318,0.002115269101854,0.0032424939984035,0.0032833661214124,0.0045917834320484,0.0023055489011624,0.0038727258253967,0.0028763368393365,0.0199551250223379,0.004429635104180936,0.00305941541887,0.0029797534385318718
4,1999-06-01,-0.0013736263736261,-0.0012341763055723,-0.001434915135642,-0.0009515180252259,-0.0005208990743616,0.0009999731654841,0.003178568236373,-0.0007843728353047,-0.0001440903714712,0.0027788376807362,-0.0020708604633608,-7.600809847075905e-05,-0.00065263595483315,7.98208187906627e-05
5,1999-07-01,-0.0041265474552957,-0.0023754390648292,-0.0022358741047592,-0.0020535274796124,-0.001834928589377,-0.0031079402208643,2.435612820487392e-05,-0.001871630151524,-0.0041279009038654,-0.0033013370338324,-0.0010150940736261,-0.002185819662388266,-0.0021447007921858,-0.0021440403197964817
6,1999-08-01,0.0027624309392262,0.001410102333831,0.0014152226191147,0.0018095667661898,0.0028152096112599,0.0039028952384179,-0.0032045022690362,0.0020337897097838,-0.0021607092803714,-0.0022594191476655,-0.0041404739092957,0.00027584946806374113,0.0014126624764728502,-2.4538959658233374e-05
7,1999-09-01,0.0027548209366392,0.0030867897070071,0.0030471627754927,0.0033016141908219,0.0035318484234198,0.0032775273409688,0.0003113350175689,0.0035740781737793,0.0009830853065946,0.0017793032941404,0.0033820180792262,0.0026779018939097864,0.0031821585239879503,0.00329067760397288
8,1999-10-01,0.0,-0.0004277724246503,-0.0008076213183861,-0.0001449407324096,0.000937144833693,0.0007207213064904,0.0027176027291459,6.345826551976651e-05,-0.0008414365634557,0.0002060232156421,0.0033904083366392,0.0005407571262554182,0.00013474074058093325,0.00039473144379677147
9,1999-11-01,0.0013736263736265,0.0007563529856373,0.0020048878710822,0.0010173840134195,0.00072792602193,0.0003979434995979,0.0009048263305582,0.0011509052033381,-0.0017816098437518,-7.02071620348436e-05,-0.00016175432,0.000517163100323655,0.00074213950378365,0.0005935685625719131
10,1999-12-01,0.0027434842249653,0.0015149069287604,0.0029380911857136,0.0016685792123401,0.0017769613700653,0.0029605497765692,0.0008383224263099,0.0018262692269303,0.0003247827617372,-0.0005674583486639,0.0010714888536265,0.0014494760421762591,0.0015917430705502502,0.0016573304518659436
11,2000-01-01,-0.0068399452804377,-0.0031244327234458,-0.0021448645833305,-0.0030334972231234,-0.0019199534915546,-0.0023731895682388,0.002248676508127,-0.0028906280218708,-0.0009230631640971,0.0013198036465478,0.0036449248249653,-0.0010207848030421315,-0.00203240903744255,-0.00180724848348291
12,2000-02-01,0.0027548209366392,0.0004566623538555,0.002194356365871,0.0005473189997322,0.0003698820971416,0.0006266584893958,-0.0034405837766819,0.000679104669056,-0.0019896277509704,-0.0046435988810058,-0.0056937092804377,-0.0009527513171404682,0.00041327222549854996,0.000111177404069912
13,2000-03-01,0.0027472527472529,0.0043597112578454,0.0053421674683284,0.0044441875249406,0.0044960883666662,0.0045011849763046,-0.0010234050829484,0.0044881809130543,0.0040499383416875,0.0029809185427278,0.0028178273826392,0.0037144317347853274,0.004401949391393,0.004704716913257921
14,2000-04-01,0.0041095890410955,0.0036775647286449,0.0044367137077234,0.0037308031186973,0.0033642782755211,0.0036286615156368,0.0027205913838505,0.0038101275927148,0.003664802148266,0.0028794665265516,0.0024703809072529,0.003457283794255518,0.0036467318319514,0.0031893385802756764
15,2000-05-01,0.0027285129604368,0.0005918587212662,0.0010728557404214,0.0007388701083768,0.001043959050214,0.001266780708275,0.0034764975887478,0.0005998849495853,0.0023782501970667,0.0014993986848448,0.0039475968910955,0.001616888260385609,0.0011698182243482,0.0013269684927253722
16,2000-06-01,0.0013605442176867,-0.0002908272024136,-0.0003503734456013,-0.0001574734957053,-0.0006132127818847,0.0004353219277547,0.00301765312523,-0.000305018546718,0.0024951745690024,0.003629993584814,0.0009885416604368,0.0008171548737217909,0.0001389242160247,0.0014351134353529926
17,2000-07-01,-0.0040760869565217,-0.0042340111372457,-0.0039714986040018,-0.0040801621788163,-0.0030897616999527,-0.0034977547226561,0.0017920596263447,-0.004249842789863,0.0014692238321207,-0.0023126140844277,-0.0014845067823132,-0.002450238795646863,-0.0032937582113044,-0.002237373852834585
18,2000-08-01,0.0,0.0023735345138633,0.0020275187232762,0.0025960509811859,0.0031769272021183,0.0031467824953104,-0.0021598474166286,0.0023565647497548,0.0038535954205892,-0.0011581650884931,-0.0032345895165217,0.0013948565178421592,0.00236504963180905,0.002241861443328437
19,2000-09-01,0.0068212824010913,0.0015240036023422,0.0015823391232736,0.001858167930166,-0.0010775854002126,0.0013341697000149,-0.0015315297896326,0.0014953708536947,-0.0014131930747411,-0.0040342336450356,-0.0014946039,-0.00014807295002085003,0.00012829214990115,-0.0006764766394667751
20,2000-10-01,0.0,0.0001909258072051,8.08612679684996e-06,0.000337531104344,0.001288421468376,0.0001558509544223,0.0043730959438606,0.000150844903286,0.0056695433036214,0.0100420441626855,0.0026287224010913,0.0023325493147317317,0.0008129762863599999,0.0012680398255330006
21,2000-11-01,0.0027100271002711,0.0013603714478136,-0.0004232123626942,0.0017305232029574,0.0019215167150613,-0.0003645740124771,0.0023944754117077,0.0012979848443726,0.0001206421398426,-0.0008593631623184,-0.00014833397,0.0007035767042157362,0.0007093134921075999,0.0007654619627575932
22,2000-12-01,0.0,0.0010453585595329,0.0007881482953278,0.001381806408746,-0.0010865248506323,0.0020307781904783,0.0016908950531592,0.0009729581679942,0.0003231822137633,6.264698053489977e-05,0.000671272600271,0.0007964613500760272,0.000880553231661,0.000826799003392451
23,2001-01-01,-0.0067567567567567,-0.0042428053470811,-0.0046594274513456,-0.0039561630490501,-0.0045075169038001,-0.0039835243710097,0.0009911306478231,-0.0043160475165644,-0.002440272818069,0.0004556872135609,0.0010685094,-0.002687297627778718,-0.0039698437100299,-0.002379287158748346
24,2001-02-01,0.0027210884353741,2.264093439957853e-05,-0.0007870818806461,0.0007652311330196,0.0011839061844106,0.0011607753249419,-0.0043435435667855,1.326327507723303e-05,-0.0027231754159964,-0.0018708887508016,-0.0066466219267567,-0.001237491271992893,-0.0003869093027844335,-0.00011292236085458473
25,2001-03-01,0.0027137042062415,0.0034954389759802,0.0029076251480655,0.0039925899697718,0.0036456139508256,0.0042281955142829,-0.0009157377973187,0.0035255662812144,0.0021427120521774,0.0044482652418126,0.0013289751353741,0.002937249736434827,0.0035105026285972996,0.0036550842542052756
26,2001-04-01,0.006765899864682,0.0024241492640449,0.0017998178503154,0.0031318946449808,0.0031222234368718,0.0035458968579705,0.002692917991213,0.0024607951031109,0.0019082140910988,0.0002387491067821,-0.0003190140937584,0.002131646948746155,0.0024424721835779,0.0021589258506021216
27,2001-05-01,0.0067204301075269,0.0009112536038844,0.0008663677581063,0.0014731867317457,0.0015236073379772,0.0024953495480199,0.0050905160766547,0.0009194132083749,0.0088220488867485,0.0098185276807666,0.003333279864682,0.003387548103632614,0.00200947844299855,0.0028534439794278476
28,2001-06-01,0.0013351134846462,0.0018212766541791,0.001694986013704,0.0024116698053054,0.0011045558727725,0.0017339270271161,0.0066806272214273,0.0018249188182462,0.007339218096611,0.0016904248971792,0.0021293497075269,0.002750368350025486,0.00182309773621265,0.004471701032097194
29,2001-07-01,-0.0066666666666667,-0.0055575542205022,-0.0056976885071615,-0.0048763260943214,-0.0056076834022135,-0.0051545215155544,0.0033471671044517,-0.0055584093262585,-0.0009201220590864,-0.0029172992726004,0.0009293591846462,-0.0033662274466852997,-0.0050154238049379,-0.0044832003460386245
30,2001-08-01,0.0040268456375835,0.001261378505001,0.0009898840723857,0.001949478419316,0.0011220182220614,0.0023128971354304,-0.0037235214414257,0.0012587294367046,0.0018875610311052,-0.000985593848103,-0.0082458338666667,-8.932986407346352e-05,0.001190373829383,0.0012314252302793234
31,2001-09-01,0.002673796791444,0.0041681240810035,0.0040822206903626,0.0053015273689215,0.0044560989660113,0.0046942896827958,8.379215171739392e-05,0.0041639650210556,0.0063316948210834,0.0037900990171273,0.0014608936375835,0.003881704544426494,0.004166044551029551,0.004703131668008192
32,2001-10-01,-0.0013333333333332,0.0003812538395016,-0.0005650233487545,0.0012983829283746,0.0005910525404868,0.0012179099289899,0.0031143578471131,0.0003760733717639,0.0040348502786622,0.007650795524588,0.002397409641444,0.0019777462709865317,0.00125814642868225,0.002100178326588648
33,2001-11-01,0.0,0.0028430714501159,0.001587298580397,0.0040415157412042,0.0014531616175206,0.0025739465495362,-1.784899205614903e-05,0.0028464998764995,-0.0012529015385331,-0.0018034533479216,0.0004720096666668,0.001296684518398923,0.0015202300989588,0.001984584558301222
34,2001-12-01,0.0013351134846462,-9.078266095945924e-05,-0.0005700151283183,0.0011248577447082,-0.0012234857384475,0.0031010797163967,-0.0004852037698375,-7.702757254477496e-05,-0.0033264896727307,-0.0036647033764234,0.0054431926,-5.142824868655814e-06,-0.0002879932153984796,0.00043137093746830463
35,2002-01-01,-0.0026666666666669,-0.0052961190008681,-0.0062082190488343,-0.004089207691355,-0.0022745083970757,-0.0047788905498507,0.0008621969960503,-0.0052861751325368,-0.003309678609469,-0.0010521317005893,0.0055629100846462,-0.002688115109117673,-0.003699443150412,-0.0038219631712369186
36,2002-02-01,0.002673796791444,0.0025063453814716,0.0014436879431195,0.0037680542265825,0.0037742181472022,0.0024339966280869,-0.0013210416259329,0.0025131547389503,0.0030788644710714,0.0026541299650974,0.0004856916333331,0.002167895597199359,0.0025097500602109498,0.0029837930736689514
37,2002-03-01,0.0026666666666665,0.0023552470242903,0.0016789447035428,0.0036059140346577,0.0027087785145917,0.0055694902680181,0.0009113972104283,0.0023591038806974,0.0025307701581231,0.000636550144096,0.001281225991444,0.0023631452165802955,0.00235717545249385,0.002584790609454378
38,2002-04-01,0.0053191489361699,0.0041586190933329,0.0041558078689435,0.0052626674441696,0.0049545992054293,0.0040269310667734,0.0026438161923508,0.0041601966900435,0.0051269297223772,0.0043191621962501,0.0017969864166665,0.0040695567080022725,0.0041594078916882,0.004334695955327113
39,2002-05-01,0.0026455026455027,0.005272786859973,0.0048663902854369,0.0061057707849051,0.0049461108662655,0.0050671812554879,0.0043811855783186,0.0052724826181892,0.0064053460465635,0.0069687888003699,0.0052388723361699,0.005434599355350823,0.00525567747717955,0.005648817416056353
40,2002-06-01,0.0,-0.0004709591218786,-0.0015627139588453,0.0002616021074948,-0.0012198391079982,-0.0017407327613992,0.0034696059236372,-0.0004721923096415,-0.0004114419144657,-0.0006944480430681,0.0020926649055027,-0.0001109118178565409,-0.00047157571576005,0.00014206122710970365
41,2002-07-01,-0.0026385224274406,-0.0056248313086796,-0.0059647314096981,-0.0050503155004366,-0.0064843954617565,-0.0051567947783604,0.0008865188653809,-0.0056250294849922,-0.0034394153213937,-0.0016155681618079,-5.776889e-05,-0.003930535144649327,-0.0051035551393985,-0.004523437063569547
42,2002-08-01,0.0026455026455027,0.0033615968956075,0.00411240273771,0.0040508312638009,0.0037803569052127,0.0034947160321261,-0.0017101681331525,0.0033618930230896,0.0058207729746363,0.0042509696237881,-0.0026904932974406,0.002860946772186137,0.0036375364686694,0.003849305284263085
43,2002-09-01,0.0026385224274407,0.0017455174667986,0.0016890959674619,0.0019713696037343,0.0013132815644022,0.001621167993063,0.0008071367105148,0.0017299428376087,0.0014318029108541,0.0013803199262705,0.0035495306455027,0.0017176634187702948,0.00165513198026245,0.0016505663097814006
44,2002-10-01,0.0013157894736839,-0.0006912555358978,-0.0011687001802655,-0.0004419558283535,-0.0006421085742306,-0.0005160945794342,0.0026391649610283,-0.000721704214175,0.0007003129693551,0.0009844828400053,0.0015563777274407,0.00011086312559808643,-0.00047902520389385,-5.853038926976154e-05
45,2002-11-01,0.0,0.0005635651711269,0.0013228793921484,0.0007261929685144,0.0016849334293462,0.0010158667946475,0.0017650126552379,0.000477145921186,0.0021729809714316,0.0008093833414351,0.0010828168436839,0.0011518290279930545,0.0010493418191657,0.0012239484905204388
46,2002-12-01,0.0026281208935612,0.0012818189976353,0.0015184130536984,0.0011657003323081,0.0018880485859237,0.0004827875088078,0.000457424768875,0.0010797918381219,0.00144735666657,0.0019095715056903,-0.00012485776,0.0011208922875092912,0.0012237596649717001,0.001120182540916339
47,2003-01-01,-0.0052424639580599,-0.0012586841123801,-0.002553286390052,-0.0014941775153986,-0.0017644871216306,-0.0031820448803015,0.0017104653246304,-0.0016058830687103,-0.0010559374068761,0.001568556943984,0.0014437595935612,-0.0008698317679148137,-0.0013764308138893501,-0.0009249869591887554
48,2003-02-01,0.0026350461133066,0.0025832739590803,0.0017907547841839,0.0021113722817809,0.0024046739591367,0.0012420864009798,-0.0024444457631877,0.0021783821993167,-0.0010522600576838,-0.0031742412137296,-0.0032135493580599,0.00035840616221810453,0.00151642059258185,0.001224405880196209
49,2003-03-01,0.0039421813403419,0.0031915362188434,0.0026985002000502,0.0027169791062066,0.0031992714672586,0.0032749206690564,-0.0002357899914914,0.0027537402191499,0.0022526285278034,0.0034026688835195,-0.0011207144866934,0.0022608273160346776,0.0027353596626782497,0.002897237291435186
50,2003-04-01,0.0052356020942405,0.0049594912825819,0.0036454247311394,0.004462923495996,0.0034737794384589,0.0034153700622643,0.0034616846657234,0.0044532836827239,0.0018922500603286,0.0017854773968279,0.0030795859403419,0.003463363891679759,0.0034677320520911502,0.0034828706207434374
51,2003-05-01,0.0,0.0017505276716258,0.0018102983768549,0.0012541065106494,0.0004100226370467,0.0016219492077791,0.0047629826579028,0.001226002534153,0.0024883873005966,0.0072804537227696,0.0051825529142405,0.0026879724143507953,0.00178041302424035,0.0019781677973373176
52,2003-06-01,-0.001302083333333,0.0007879605477921,0.0009697018893045,0.0003629352734645,-3.662528493346271e-05,0.0021724409925894,0.0018403322809033,0.0003854774415429,0.002130914131333,0.0044568656002499,-0.0022011949,0.0010679671991631306,0.0008788312185483,0.0006507441345834697
53,2003-07-01,-0.0013037809647982,-0.0025145327411698,-0.0028230431801638,-0.0028873942490201,-0.0026117082915777,-0.0029601571715222,-0.0008587803769637,-0.002804363137361,-0.0022050684729952,-0.0035789842175988,0.000380081266667,-0.002324726026015877,-0.00270803571446935,-0.0018878635622107708
54,2003-08-01,0.0026109660574413,0.0030711037647321,0.0026228819841495,0.0027612781277377,0.0048356619122293,0.001393646868271,-0.0012917471853087,0.0027914191779176,0.0051624949132989,0.0045678169341867,-0.0003186168647981,0.0025792989350221503,0.00277634865282765,0.002254034027445224
55,2003-09-01,0.0026041666666669,0.0024373318720548,0.001919477438236,0.0021514591395875,0.0017821338621673,0.0046281596040082,0.001218962642438,0.0021764332856331,0.0010332450579406,-0.0014308171319061,0.0039043100574413,0.0019869240105920404,0.00203546828891175,0.002166212078395958
56,2003-10-01,0.0012987012987011,0.001352393469526,0.0005438367151564,0.0011237545147156,5.210278865828977e-05,-0.0001972621980676,0.0025827130717918,0.0011288126691427,0.0020441004015902,0.0018038048041569,0.0005340866666668,0.0010995114995696583,0.00112628359192915,0.00104300928455753
57,2003-11-01,0.0,0.0011651441548731,0.0008194395557437,0.0010043983676931,0.0025349915528172,0.0001346215192112,0.0017724382081378,0.0010145473904351,0.0026525984917714,0.0015399038752001,0.0011867251287011,0.001363703898760991,0.0011759346417871,0.0013215438632392695
58,2003-12-01,0.0025940337224383,0.0015563740234872,0.0015712750214162,0.0014417430749959,0.0012855668698221,0.0011623745756153,0.0005081937621632,0.0014779332896181,-0.0001392896343925,-0.00019696680913,-0.0015291648,0.0007601827360285637,0.0012239707227187,0.0009263889569886375
59,2004-01-01,-0.003880983182406,-0.0037206265672254,-0.0037545947354329,-0.0037810915528106,-0.0037194686904942,-0.0041714730055088,0.0016586544325002,-0.0037666716225351,-0.000976577522658,0.0030522072411213,0.0012139336224383,-0.0019714323663149996,-0.0037200476288598,-0.0030773775537559873
60,2004-02-01,0.0025974025974027,0.0021426223416576,0.0018751741348152,0.0020839266782803,0.0007984367818084,0.0006660162563037,-0.0015425771228822,0.0021047237022416,-0.0013950194539485,-0.0024259788258505,-0.003183095212406,0.00016876870900687726,0.00073222651905605,0.0014019132509106636
61,2004-03-01,0.0012953367875645,0.0036818364034594,0.0034587543650857,0.0036655018856569,0.0019257793192274,0.0042328291850767,0.0001502578097856,0.0036747001767241,0.0007918791490877,0.0003023043422189,0.0018489537974027,0.0024022784796256043,0.00269226684215655,0.0033687540267829156
62,2004-04-01,0.0038809831824062,0.0046159044848544,0.0047585417331297,0.0045759330209876,0.0055906252766312,0.0039499163448928,0.0017649845555351,0.0046090662314429,0.0021775681217806,-0.0005644284633358,0.0028008210875645,0.0035038051887657452,0.0042629246829402,0.0030638099446721003
63,2004-05-01,0.0038659793814437,-0.0004778923618654,-0.0003685922492436,-0.0005288694392609,0.000186358110511,0.0005646354366566,0.0028739198637804,-0.0004827137739996,0.0002425400528969,0.0020208486259085,0.0084671571824062,0.0011556218663176408,0.00021444908170395,0.0007478201081127779
64,2004-06-01,0.0,-0.0005081377264061,-0.0001845793704628,-0.0005282582494437,3.577295756490746e-05,0.0009144041893359,0.0038661313117429,-0.0005215514590662,0.0023945271250875,0.005015668451486,0.0029071967814436,0.0012605693258847647,0.00047508857345040373,0.0026828022154571367
65,2004-07-01,-0.0025673940949936,-0.0017552026486056,-0.0012637658311123,-0.0017987065678336,-0.0016671974852523,-0.0034811213706981,0.0014619571799261,-0.0017955260381708,-0.0020872396597461,-0.0039084857969139,-0.0028306567,-0.0019020964746735273,-0.0017971163030022,-0.0018413036777505823
66,2004-08-01,0.0025740025740026,0.0024032306002001,0.0016402731070368,0.0023643909893035,0.0015081481185167,0.0027492981260612,-0.0015606680087837,0.0023616527850969,-0.0005103648924109,0.0002069144409005,-0.0021894012949936,0.0009588804167003864,0.00157421061277675,0.0009584702210565255
67,2004-09-01,0.0,0.0021309476448436,0.0012653982279318,0.0020910960570952,0.002546105244782,0.0019214438286591,0.0007119728662945,0.0020914561732959,0.0010067917753916,-0.0010006485532857,0.0039702869740026,0.0017037381983534316,0.00200626994287715,0.0019220139311762903
68,2004-10-01,0.0025673940949932,0.0010893563181652,0.0010591257313667,0.0010602729855689,0.0019547745060874,0.0003768559359736,0.0009002164820449,0.00106586064809,0.0008135869008047,-0.0001374786954323,0.0035211404,0.0011603100519215362,0.0010596993584678,0.0008414430648822649
69,2004-11-01,0.0025608194622279,0.0013938021893059,0.0019384352549869,0.0013923012930601,0.0015576632985519,0.0005734807320082,0.0016442655647629,0.001396159367707,0.0018841086832238,0.0034782402347852,0.0030829277949932,0.0018129408040947726,0.0016009644316574,0.0018196378766989194
70,2004-12-01,0.0038314176245211,0.0018876579901998,0.0031948988916885,0.0019053306641078,0.0023325860042042,0.0019384941577021,0.0025843223922971,0.0019010734181662,0.0027407604594315,0.0014864131192309,0.0027712901622279,0.002261669758200832,0.00213554008095315,0.0023653902454655695
71,2005-01-01,-0.0038167938931297,-0.0029714523687349,-0.002753180280959,-0.0029236480980451,-0.0033657476128308,-0.0036816907471035,0.0033540429371036,-0.0029373358094991,-0.0011383702767446,0.0032490470398027,0.0020564178245211,-0.001268211961999241,-0.00283841418950205,-0.0011480096664809715
72,2005-02-01,0.0025542784163476,0.0022023029684458,0.0022183246461101,0.0022412494581255,0.0023099916659614,0.0019297195754572,-0.0010021291885397,0.0022279550896599,0.0012384868134274,-0.0024367396007398,-0.0053026179931297,0.0006993231551572363,0.0020660112719515,0.00205594924696335
73,2005-03-01,0.0038216560509551,0.0007640530081289,-0.0003328278127531,0.0008050615985807,0.0022185575207459,0.001169344449477,0.0001037689129352,0.0007906130266768,0.0016515220832533,0.0010475718135039,-0.0010041015836523,0.0007283091208659136,0.00079783731262875,0.0009203489593314466
74,2005-04-01,0.0038071065989846,0.003590017289043,0.0028821824432019,0.0036336820917809,0.0050459617809587,0.00335653792016,0.003338558464803,0.0036054183347233,0.0061856653213491,0.0065078997988637,0.0031434862509551,0.004080647955247442,0.00359771781188315,0.004470805212004622
75,2005-05-01,0.0037926675094819,0.0029694766364698,0.0034876756359526,0.0030046636881732,0.0029290812052855,0.0028219518622106,0.003791466837134,0.0029703844131809,0.0042250575505293,0.0021877847661651,0.0036564172089846,0.0031846803504329683,0.0029875240506770503,0.0031639903587592864
76,2005-06-01,0.0,0.0004592904725154,0.0016497454245374,0.0005014796891648,-4.899217134653579e-05,-0.0002697501073455,0.0037849925596641,0.0004541958605665,0.0036852229622289,0.0044698753062504,0.0040396738094819,0.0018001223965971329,0.0010756125568511,0.0019879542910601167
77,2005-07-01,0.0012594458438286,-0.0022617737366172,-0.0025350017127616,-0.0022126617597518,-0.0020803272549309,-0.0025524741880859,0.0014190050568422,-0.0022766827122028,-0.0018267494739557,-0.0051475198172494,0.008191894,-0.001229046304263418,-0.0022372177481845,-0.0021476916830236764
78,2005-08-01,0.0025157232704402,0.0019640952259813,0.0018633261573054,0.0020413086292246,0.0016135210111092,0.0020048248195992,0.0008046391236462,0.001945698464556,0.002565935428612,0.0038649294358155,-0.0058628048561714,0.001341851844086059,0.00195489684526865,0.0012161876218532398
79,2005-09-01,0.0025094102885823,0.0007149732046228,-9.150784594382824e-05,0.000791013940081,0.0015787434395018,0.0015229342215393,0.0020442871796521,0.0006964435274463,0.0006431970670387,0.0025437605938909,0.0002043766704401,0.001036474142783734,0.0007529935723519,0.0009420715234365939
80,2005-10-01,0.0012515644555692,0.0022391681616504,0.0017719837227461,0.0023437608411781,-0.0002366779926451,0.0025311235237956,0.0024890323504266,0.0022229298272906,-0.0008896138222749,0.0010774474472395,0.0111331332885823,0.0024466669402236087,0.0022310489944705,0.0019023734645683336
81,2005-11-01,0.0,0.0034180712777244,0.0033274086470768,0.0035181477325793,0.0035338672051071,0.0029389716522289,0.001748757295682,0.0034107571360476,0.0028913398553468,0.0027375417095523,0.0106655864555692,0.003778139259861509,0.0033690828915622,0.003111057045182751
82,2005-12-01,0.0037499999999996,0.0029409061349941,0.0036567885982233,0.0030225287642517,0.0041383368528043,0.0040322529298574,0.0004885684971892,0.002947474882429,0.0013513569003232,-0.0007437788409039,0.021126583,0.004176910867500786,0.00298500182334035,0.0022029398695299802
83,2006-01-01,-0.0037359900373596,-0.0022505977030554,-0.0021844226928887,-0.0021447420002423,-0.0015950755110852,-0.0034482072559371,0.0022692417561935,-0.0022179650836708,0.0005927106890986,0.0055641532701546,-0.0211094620000003,-0.0026080862616362365,-0.0021645823465655002,-0.0021095868900393973
84,2006-02-01,0.0024999999999999,0.0029868882456437,0.0030807564590149,0.0031074431094596,0.0053023643458299,0.0038308982264414,-0.0008710883545812,0.0030349937893784,0.0038921038626951,-0.0017016658978679,-0.0068603402373596,0.0017145662429864498,0.00305787512419665,0.003415599600013978
85,2006-03-01,0.0024937655860348,0.0032360697465535,0.0025983347503914,0.0033786799352607,0.0031513276903703,0.0034608240388676,6.152359168956102e-05,0.0033057638201894,0.0026598614803241,0.0021828262852132,-0.0095685920000001,0.0015792921749278965,0.0029055945853472,0.0029952190158296995
86,2006-04-01,0.0062189054726369,0.0037779260629381,0.0040607481946584,0.0039404500582216,0.0041011913150307,0.0042331540935668,0.002486096290727,0.0038782249674842,0.0019855907513742,0.0008848736186651,-0.0145317384139652,0.0016949629503556407,0.00382807551521115,0.0032334572636771985
87,2006-05-01,0.0049443757725584,0.0022807308877218,0.0023021455323634,0.0024485074105812,0.0028058452220448,0.0038720215904313,0.0048024060527457,0.0023776336386351,0.0036846259358334,0.0040073274787372,0.0091931214726369,0.003729054618242718,0.0032452355789390997,0.002978204231260364
88,2006-06-01,0.0024600246002461,0.000317553559201,0.0005610042352942,0.0004623119552071,0.0008867169363078,0.0013263702106057,0.0054340831933453,0.0003926577937625,0.0020779508120705,0.0069942227209962,-0.0027851746274416,0.0014901415795590637,0.0007238605858009999,0.0032306638333055235
89,2006-07-01,0.0,-2.1534596594089805e-05,0.0001018720211067,0.0001060975131512,0.0002152182667415,-0.0007879842886022,0.0034154477700376,2.7992967079142148e-05,0.0006555251255875,-0.0033518477139085,0.0173091006002461,0.0016158065847249,0.00010398476712894999,0.00041134890451522424
90,2006-08-01,0.0036809815950917,0.0015910824165825,0.0017225389002254,0.001742040433338,0.0021594649814659,0.0012812554455959,0.0010070415623391,0.0016787771656914,0.0024614063943154,0.0043411468563893,-0.0014181719,0.0016606582080819366,0.0017006580329584002,0.0018078768082027453
91,2006-09-01,0.0012224938875309,0.0020720532397962,0.0020429118879509,0.0021482159832651,-0.0002911542947099,0.0018602470205739,0.0023556694958465,0.0021078259041441,0.0003503119323879,0.0030559223314915,0.0024464818950917,0.0018398568152552773,0.00208993957197015,0.001820840866877039
92,2006-10-01,0.0012210012210012,0.0014858954644558,0.0019340887653768,0.001579098848537,0.0009724187642627,0.0020024102191144,0.0021204461325179,0.0015509605341656,0.002167706136008,0.0018506809612604,0.0051233053875309,0.0020617632796861916,0.0018923848633186,0.0020319540461585022
93,2006-11-01,0.0024390243902439,0.0013636530396418,0.0007873776217145,0.0014605305000606,0.0023876993868256,0.0012252877632338,0.0012097043937618,0.0014389473096087,0.0019337341762749,0.0024195868706937,-0.0068092107789988,0.0008016918597674408,0.00140130017462525,0.0015163180794896202
94,2006-12-01,0.0048661800486615,0.0031780486111595,0.0032787187299129,0.0032214966035584,0.0049672826627401,0.0024522610318602,0.0019814292919194,0.003203961854062,0.0052650432687337,0.0034096033078346,0.0125680313902439,0.0042523622198873045,0.00325010766673565,0.0037119838645779577
95,2007-01-01,-0.0060532687651331,-0.0019986928163672,-0.0021086636083836,-0.0020632248050985,-0.0017470368288121,-0.0026403542662581,0.0039633810141444,-0.0020636726125422,-0.0005479604236367,0.0039523479732416,-0.0022303075513385,-0.000865012975980341,-0.00203095881073285,-0.000979129696344164
96,2007-02-01,0.0036540803897688,0.0027217468650317,0.0026015252984843,0.0029939502832908,0.0042722885110386,0.0021793600198731,-0.0018281471882188,0.0029993476804522,0.0039755919749123,-0.0062494586668271,-0.0220493467651331,-0.000520136900485273,0.002661636081758,-0.0002808097557703032
97,2007-03-01,0.0048543689320386,0.0024546292418248,0.0021763886250665,0.0026837649752281,0.0036406456536314,0.0040112688437797,-0.0003441987823627,0.0026997341165928,0.002750055625259,0.0005192874797805,0.0138365213897688,0.0033745315194981225,0.00269174954591045,0.002830743949452982
98,2007-04-01,0.0036231884057971,0.0054883587127202,0.0060793579390611,0.0055376775762165,0.0055039792559642,0.0039844213378326,0.0044194793931251,0.0055508978388571,0.0048658954451963,0.0036277448544883,0.0012359679320386,0.004679173396768932,0.00517712707895825,0.004940417586945267
99,2007-05-01,0.0024067388688326,0.0037359049214614,0.004737973360134,0.0039512711177839,0.0034572928981697,0.0043557500341608,0.004111661753324,0.0039699090362167,0.0025446720212401,0.0024403931289158,0.0034325294457971,0.0036891768851660136,0.00384358801962265,0.003546601816188669
100,2007-06-01,0.0024009603841539,0.0026573250750101,0.0025474359323964,0.0029742854802877,0.0034662736264245,0.0015707280098029,0.002866652332333,0.0030053683913862,0.0020611198755827,0.0054586867115707,0.0058170278688326,0.0032132156554488312,0.00292046890631035,0.003531561329502793
101,2007-07-01,-0.0047904191616768,-0.0006809584309328,-0.0001571019610975,-0.0003593358533955,-0.0023648776158683,0.0007510744651579,0.002405123589661,-0.000322490541592,-0.0041177706428085,-0.0036407627998055,0.0018395138541538,-0.0006353181030928317,-0.00034091319749375,-0.0005812589769031163
102,2007-08-01,0.0036101083032493,0.0024480329058064,0.0030693634131435,0.003000024990896,0.001160881393385,0.0035808822810804,-0.0019513949108891,0.003072722661492,-0.0023341244343562,-0.0023438713087852,-0.0030481076616768,0.0007689878617901544,0.0018044571495957002,-0.0011300215063228245
103,2007-09-01,0.001199040767386,0.0012562178674257,0.0012864919116058,0.001657643898004,0.0021358009042566,0.0019628567672926,0.0001403292017701,0.0017772087534684,0.0012196910117368,0.0017029311800522,0.0054826199032493,0.0018456435398081451,0.0016802875390280999,0.0016670590004811826
104,2007-10-01,0.0035928143712573,0.0014260287763668,0.0014513080265093,0.001739135196399,0.0035718987264107,0.0031863667575154,0.0021698973823947,0.0018826183300709,0.0021956462171905,8.078632276769995e-05,0.002048338767386,0.0019743184592490412,0.00196547854872845,0.0018582767305305816
105,2007-11-01,0.003579952267303,0.0023989119485146,0.0019971402059109,0.0026347690490112,0.0030343138946511,0.0019421722174976,0.0026184829022301,0.002727265236775,0.0026745160667997,0.0036793738653272,0.0029527328412573,0.002664938253261832,0.0026546425579054497,0.002599516508025153
106,2007-12-01,0.0047562425683711,0.0038549834886089,0.0053413454384196,0.0040185908372794,0.0058574268008171,0.0053547764218039,0.0036225661499769,0.0040904213207182,0.007525599571871,0.0036883459044529,0.002596778967303,0.00454594008911361,0.0040545060789988,0.004427765213062831
107,2008-01-01,-0.0047337278106511,-0.0056714226836951,-0.0051231915213063,-0.0055360761659254,-0.0053783149711376,-0.0047059541375546,0.0043117155850464,-0.0054955155747914,-0.0032726024796053,-0.0006512484635433,0.0027875877683711,-0.0030590541339610864,-0.00491457282943045,-0.0038350964498982155
108,2008-02-01,0.0059453032104637,0.0035053748546233,0.0036228432107361,0.0036022528528405,0.0055314260025107,0.004130434728305,-0.0008017503573343,0.0035995842332171,0.0030656066036326,-0.0018375893250534,-0.0061737464106511,0.001981537812431518,0.0035524795439202,0.003795418512866032
109,2008-03-01,0.0035460992907805,0.0035809203587382,0.0039084290388092,0.0036220302028354,0.0025044275531402,0.0027445909195766,0.0013726538084096,0.003619726402821,0.0026122313538797,0.0022772830011538,0.0022059748104637,0.002829698053323232,0.00267841113672815,0.002896051493451142
110,2008-04-01,0.0082449941107181,0.003144375323067,0.0019468801584407,0.0031289486192798,0.0057897995186907,0.0034416973530306,0.0045939213604113,0.0031303014021082,0.0067616659373749,0.0058943433068402,0.0053756406907805,0.0042932166387949855,0.00401780935672095,0.003845975584506512
111,2008-05-01,0.0058411214953271,0.0018049217904226,0.0016729500610811,0.0017197029229534,0.0012667108967897,0.0042649851255652,0.0062323409837126,0.0017197538760234,0.0050980858806201,0.0088039483577445,0.0061227295107181,0.0037946438966931454,0.0030349534579939,0.004718193923491259
112,2008-06-01,0.0058072009291521,0.002714538552939,0.0016295883374316,0.0025123125020025,0.0069097949517817,0.0013119398387506,0.0069073120674754,0.0025128708086366,0.0076289388767571,0.0077058131740305,0.0085509537953271,0.0048359080195763,0.0048109253102072,0.006660831506155032
113,2008-07-01,0.0,-0.0040681196378788,-0.004356911451514,-0.0044194611658426,-0.0042890161858193,-0.0011080552731423,0.0058879896669663,-0.0044570909855872,-0.0027050819374286,-0.0017618649498157,0.0057274764691521,-0.0017215214762330727,-0.0033866007876537,-0.001168937883145118
114,2008-08-01,0.0057736720554273,0.0046689654233584,0.0032680526322525,0.0039884922520864,0.0085992868540962,0.0048858538464256,0.0026424098780949,0.0039219390445154,0.0084854559134449,0.0038238819732831,0.002842105,0.004643787133259845,0.003955215648300901,0.004872804745284402
115,2008-09-01,0.0045924225028703,0.0026200318815718,0.0015466844720225,0.0016609562362861,0.0010654915571093,0.0013890517726195,0.0032033209915324,0.0015837673024487,0.0032003733079454,0.0012041166225449,0.0053479781854273,0.0022221940089886634,0.0016223617693674,0.0019785965274084186
116,2008-10-01,-0.0022857142857144,0.0061768721958713,0.0056609691414707,0.0048695483979324,0.006709186133307,0.0037227356152729,0.005147141140928,0.0047673123405307,0.0093204089681172,0.010963253460914,0.0060694025028703,0.006297455974489544,0.0058651858221705,0.0064059560801159885
117,2008-11-01,0.0,0.0053771847268051,0.003896805188994,0.004940867270392,0.0016154965023575,0.0021799853172054,0.000800600360321,0.0047732634443377,-0.0010959553611567,-0.0028081710238869,0.0024118814142856,0.0022170810186727453,0.0022959333657455,0.0027541485488244834
118,2008-12-01,-0.0022909507445589,0.0043418475243716,0.0050409364942891,0.0044097621896326,0.0037201866869942,0.0032730040967164,-0.0010482472857091,0.0044776218951834,0.0042396899509619,0.002328369169486,0.001957322,0.0033382210037185586,0.00397993831897805,0.002317238526805541
119,2009-01-01,-0.0057405281285878,-0.0045652578809023,-0.0039254236396429,-0.0036403615478474,-0.0048465094352428,-0.0079739225909314,-0.0013024581127284,-0.0034673070826314,-0.0066465106041257,-0.0071197120431824,-0.0068071377445589,-0.0050000440308969225,-0.0047058836580725506,-0.0031823038615407763
120,2009-02-01,0.0069284064665129,0.0027864416038947,0.0009324196609391,0.0038039108903378,0.0053490574819731,0.0022180524616746,-0.0042491871696355,0.0040689906419677,0.0004690404911289,-0.0031641041512896,-0.0054413319285878,0.0007589569130645318,0.00157523606130685,0.0009046633127271969
121,2009-03-01,0.0011467889908254,0.0035654906194002,0.0025026449617573,0.0042190942895911,0.0068767136133866,0.0051452464529969,0.0011690834044461,0.0044255884029923,0.0043077280989782,0.0074586830250914,0.0087840644665129,0.004801908689648931,0.004366658250985251,0.00534850884413029
122,2009-04-01,0.0022909507445592,0.005688699752018,0.0046883779555943,0.0064219743228285,0.0071658544764802,0.0085424620826735,0.0038352417717499,0.0067457631944199,0.0013872346622059,-0.001124348178158,0.0027916407908253,0.004666494516767605,0.00518853885380615,0.004438778874988157
123,2009-05-01,0.0045714285714286,0.003754486857908,0.0033542587760758,0.0042891385270449,-0.000449486433646,0.0006790128780162,0.0017263387369964,0.0048939609728536,-0.0027170287985167,0.0047305431123708,0.0002202649445591,0.0020928898481998364,0.0025402987565361,0.000494667954301518
124,2009-06-01,0.0022753128555172,0.0036757477934547,-0.0003611511606476,0.0039751745719531,-0.0027071848770261,0.0025783393689177,0.0035194324787324,0.0046568704868051,-0.0025279822514659,0.0042526819450275,0.0087419548714285,0.0026728612148429957,0.00359759013609355,0.003651824513289199
125,2009-07-01,-0.0011350737797954,-0.0010586834228491,-0.0041675492703637,-0.0011527403751458,-0.0015851381643552,-0.0016840849621319,0.0033889097032176,-0.0001702126469571,-4.828637634430016e-05,-0.0011591688535577,0.0076426524555172,-0.00010000125563340457,-0.00110571189899745,-0.0006804185682643799
126,2009-08-01,0.0034090909090906,0.0058250192298024,0.0052457054368597,0.005380011857506,0.0042953987862115,0.0055024746185624,0.0005151873734717,0.0065135039178439,0.0062265073257957,0.0056228082995085,0.0065490882202045,0.005203486047709251,0.00556264145903545,0.00550043984748137
127,2009-09-01,0.0,0.0030932869026111,-0.0016508401596726,0.001980845582081,0.0025155443419453,-0.0002772395997803,0.0012897689952044,0.0034967308538233,-6.413013514599978e-05,-0.0026314631116693,0.0081606745090906,0.0015953168606482,0.0016353072886427,0.0013926323299489204
128,2009-10-01,0.0011325028312574,-0.0013980130050166,-0.0033008594929687,-0.0032247002687481,8.769915787119149e-05,0.0008736389184457,0.0016215786580969,-0.0012651154287787,0.0009276304708037,0.0003958592563174,0.0022551713,-0.00025321192971662843,0.00024177920709429575,0.00021083212311854082
129,2009-11-01,0.0022624434389137,0.0010483175766968,-0.0005944024028828,-0.0003799874710198,0.0049272863260338,0.0025277598716513,0.0005862314606195,0.0008798348087149,0.0047015867450334,0.0021660143531986,0.0044294908312574,0.0019908452785682546,0.0016071659649477001,0.002723376479789163
130,2009-12-01,0.0033860045146729,-0.0011538731105004,-0.0027068587463914,-0.0024691806485257,0.002276767037628,0.0050513793502364,0.0017318814661249,-0.0015367124671294,-0.000656889603845,-0.0009215334965186,0.0041425305389137,0.0002698453427100637,-0.0007892115501818,0.0007011529302128963
131,2010-01-01,-0.0011248593925762,-0.0029681380979839,-0.0039485363857359,-0.0038242594914346,-0.0032579164442339,-0.004020799139711,0.0028550666084595,-0.0034480195613382,-0.0033812240298599,0.0012583759408143,0.0045955850146729,-0.0017690396203088729,-0.0033195702370469003,0.00018958278889946847
132,2010-02-01,0.0022522522522523,0.0061859047202737,0.0042158710387922,0.0052086066800158,0.0064326202030486,0.006274392081262,0.0010784001826109,0.0055092340767298,0.0037838599599195,0.0012399334464234,-0.0001389758925761,0.004045644123263981,0.004712238859404,0.004650510081973052
133,2010-03-01,0.0044943820224718,0.0014530698882384,0.0039348345733863,0.0004468495004662,0.0009839171288788,0.0027387015163444,0.0007186537366596,0.0008917369091362,0.0023363972993969,7.340745213769984e-05,-0.0009946514477477,0.0012291585069003907,0.0009378270190075,0.0010887574787128251
134,2010-04-01,0.005592841163311,0.0028529364310651,0.0036433500612134,0.002133078799652,0.0036862134058871,0.0028103711493094,0.0034483185190399,0.0023963336291902,0.0042981103369272,0.0060890317299054,0.0027152232224718,0.003383963159974,0.0031506274750525004,0.0034685605917975206
135,2010-05-01,0.0022246941045604,0.0044697530115246,0.0034482601179075,0.0041165118277159,0.0051409459283259,0.0034341413919787,0.0050956994612099,0.0041615161661824,0.0054207277039539,0.0091842646590921,0.005582542874811,0.00498518994355174,0.00478272623636725,0.006188639752518352
136,2010-06-01,0.0011098779134295,0.0029316640481705,0.0043253482635097,0.0025451083715589,0.0021229350066955,-0.0008366984572543,0.0038126363665342,0.0026885519858682,0.0004163977737768,0.003272703062453,0.0033248089045604,0.0024921421220811136,0.00281010801701935,0.002261378872460632
137,2010-07-01,-0.0022172949002217,-0.0001893012657379,0.0031065897441383,-0.0006375795745708,7.359536122313309e-05,-0.0058910217568262,0.0016278187755153,-0.0004480610806263,0.0007071404960005,-0.001802280010143,0.0016534229734295,-0.0001688662990777137,-5.785295225738346e-05,-0.0002238822441355891
138,2010-08-01,0.0044444444444444,0.0029550420909123,0.0026926223564979,0.002371567117528,0.0031072293430203,-0.0001004325790995,-0.0006390803550806,0.0026524069967802,0.0008315052122783,-0.0011614159418186,-9.772600022170006e-05,0.0012921140368817956,0.0016015361649031501,0.0008069077770032048
139,2010-09-01,0.0,0.0015024571971078,0.0039583798145858,0.0010733109419012,0.0011493755361393,0.00013926214812,0.0013323072614301,0.0013339093410338,0.0028041961065269,0.003995280979177,0.0054042241444444,0.0021918987945033727,0.0014181832690707999,0.0018751049205144488
140,2010-10-01,0.0022123893805308,0.0022503595729426,0.001708050346943,0.0017705582261363,0.0012424731876486,-0.0016862734372682,0.0021519709205941,0.0019511248039422,-0.000530728343755,0.0010244978448528,-1.3867393e-05,0.0010312206814847454,0.0014752617672958,0.0007040631885438953
141,2010-11-01,0.0033112582781458,0.0024745285716791,0.0007655564206531,0.0019320784771362,0.0027250483945711,-0.0022561338949178,0.0011354992388644,0.0021152184129586,0.0016393649320112,0.0009930946298431,0.0008322973805307,0.0012494531498879547,0.0013874320854378,0.0016513580440547706
142,2010-12-01,0.0088008800880088,0.0030974831761016,0.0037447847543979,0.0026935484876461,0.0037326409424704,-0.0011305532072833,0.002795169338694,0.0028017636925634,0.0052874687671073,0.0036681059235582,0.0030959387581458,0.0029893692364113727,0.0030967109671237,0.0033410772702598887
143,2011-01-01,0.0010905125408942,0.0002061615731156,-0.0013510325947481,0.0001788811028448,0.0017016586077227,-0.0011674566703265,0.0062544799584119,0.0001508619661308,0.005240468185418,0.0065654295308388,0.0085382203480088,0.002479234736166905,0.00095391009041915,0.0030051329597426428
144,2011-02-01,0.0054466230936818,0.0033397223294815,0.0030010304092336,0.0032700963260803,0.0058873561936485,0.0068004745288729,0.0050482413520644,0.0032589861743479,0.0064098862196232,0.0041666126001885,0.0008822697108941,0.004165258482660899,0.003753167464835,0.0041067101515650855
145,2011-03-01,0.0032502708559045,0.0034244531716719,0.0010554641006106,0.0034634086241312,0.0039433381485887,0.0025979021717258,0.0033951415269667,0.0033655643116803,0.0015953099854359,0.001733736259159,0.0041906786936818,0.0029223045375432184,0.0033803529193235,0.002968635919187669
146,2011-04-01,0.0075593952483801,0.0050614752776408,0.0060694513500315,0.0052060683117641,0.0055773893003192,0.0044522406849587,0.004371189254491,0.0051218574029034,0.0061882694179429,0.0040361662997471,0.0018910608559045,0.004824257681452299,0.0050916663402721,0.00478966169051579
147,2011-05-01,0.0021436227224009,0.0024286836480695,0.0029487802595287,0.002911485401423,0.003510436022928,0.0046043824645462,0.0053866694386968,0.0026702058383652,0.006054882024618,0.0063502467196921,0.0088096745483801,0.004521168691816791,0.0040574092437371,0.004128701186238496
148,2011-06-01,0.0,0.0028471331718973,0.0018895395995716,0.0033452388712306,0.002901427765685,0.0046097970941047,0.0049048058139371,0.0030607089758016,0.003801583761714,0.004981596955534,0.0040653590224009,0.0036346002134862816,0.0035734113164723,0.003028515922799366
149,2011-07-01,0.0,-0.0012261138451638,-0.0033989420019093,-0.0010605402515594,0.0004224413321772,-0.0032404221713987,0.0010510508510196,-0.0012352271272204,-0.0030482611172709,-0.005466615413194,-0.0038986765,-0.0021130045787968498,-0.00214174412224565,-0.002072802881429111
150,2011-08-01,0.0042780748663102,0.0047137607584321,0.0048687427584836,0.0048448632097665,0.0066302639235484,0.0019200727701641,4.966521355843998e-05,0.0047141860758144,0.0048075037007624,0.0025799454754832,0.004123792,0.003996979027557853,0.004713973417123251,0.0044403589466499565
151,2011-09-01,0.0063897763578273,0.0005870206623323,0.0013560488498423,0.0008384498602104,0.0005347049610335,0.0007235910644255,0.0021456614639992,0.0006941377694625,0.0009684233512078,0.0021054351762073,-0.0061765571336898,0.00041435786248626813,0.00078102046231795,-0.00016515309055842032
152,2011-10-01,0.0,0.0036383639258277,0.0027803150835776,0.004182265029999,0.0022007891103113,0.0021601650858887,0.0053287812922797,0.0039580892505788,0.0040352815793876,0.0088689495338834,0.0061214585978273,0.0042973767185949365,0.0039966854149832,0.004490409147048715
153,2011-11-01,0.0021164021164021,0.0023274304503626,0.0020614701933257,0.0026678189364781,0.0032635647353826,0.00046503865855,0.0033896993058978,0.0025301235711444,0.0010300980359616,-0.000246431199316,-0.0027758405,0.00153703840996645,0.00219445032184415,0.0018726754173589656
154,2011-12-01,0.0031678986272438,0.006055521442446,0.0049290486575469,0.0064756222048417,0.007240937050313,0.0026847173247194,0.0010312209755134,0.0063688893687801,0.0036131430827358,0.0038025295742322,-0.0073433243835979,0.0035658267648563777,0.00436578911588955,0.00502047484983721
155,2012-01-01,-0.003157894736842,0.0016773582996652,0.0034951517974455,0.0022694880559372,0.0002126071490572,-0.0044923192645618,0.0026425165366414,0.0022088361914937,0.0002947343483612,0.0023639635466041,0.0077216450272438,0.0018757403465093593,0.0022391621237154496,0.0003344175030988229
156,2012-02-01,0.0052798310454065,0.0039861330436818,0.0047462349841329,0.0043484593311833,0.0054874491604133,0.0047884685416704,0.0001589889887901,0.004355656617477,0.0026675798277787,-0.0020418451628156,0.001926690663158,0.003144646562082041,0.0041672961874325495,0.00403404062141938
157,2012-03-01,0.0021008403361344,0.0029013842798737,0.0025046610706126,0.0034616198171738,0.0028206878013993,0.0024611496470959,0.0008025359833572,0.0034569779739116,-0.0001824628198624,0.0042036739954093,0.0054907867854065,0.0027983682340921817,0.0028610360406365,0.002817377402734559
158,2012-04-01,0.0052410901467505,0.0046262392846796,0.0064870168895064,0.0050591330942998,0.0061578860046666,0.0025376839994339,0.0038079824255938,0.005068191213003,0.0049540967853895,0.0007986830545005,-0.0015874316638656,0.003881786283840186,0.00479016803503455,0.004571116295364403
159,2012-05-01,0.0,0.0019444595091811,0.0015576606606094,0.0026219080317024,0.0021795399656393,0.0023195497990877,0.0035517789153319,0.0026216384021772,0.0022851171675872,0.0064751950023235,0.0051069610667505,0.0030122184200929688,0.00247059410063245,0.0024379785571299714
160,2012-06-01,-0.0031282586027112,0.000474541009024,0.0024495301534107,0.0009929360398433,-0.001669049772706,0.0028164800703473,0.0028107869400604,0.0010414276740008,-3.4434661771896074e-05,0.0021328536378158,0.0030797785,0.0014256354769029732,0.0015871406559082998,0.0011911079873874134
161,2012-07-01,0.0010460251046024,-0.0006253791564069,-0.0013169548777336,-0.000486144399532,-0.0021042315730792,-0.0006385824250059,-0.0015039612282798,-0.0003782252499377,-0.0046223612041531,-0.0059185396612064,0.0015849003972887,-0.0015442952754014228,-0.00097776865136975,-0.00192385102185347
162,2012-08-01,0.0041797283176592,0.0035125275493386,0.0045392848878776,0.0037112069704332,0.0031196388808445,0.0045365514082781,-0.0011903454380864,0.0037949894144337,0.0036975308927235,0.0042122405992231,0.0040365131046024,0.0034293851329183413,0.00375309819243345,0.003663651917544441
163,2012-09-01,0.0031217481789802,0.0045417200272352,0.0067192166515435,0.0047026263594169,0.0061918908519618,0.0015808717231951,0.0025636664140638,0.0047879400532124,0.0081305055712907,0.0022451921576318,0.0092489050176591,0.00504161982122954,0.00474528320631465,0.005236176632602582
164,2012-10-01,0.0041493775933609,0.0010636156424002,0.0012374519075961,0.0013065471520544,0.001265769100823,0.0013073866065711,0.0036940888077025,0.0014236111276712,0.0010167109237699,0.0051509524155229,0.0017795633789802,0.0018684239947640228,0.00130696687931275,0.002613238621549077
165,2012-11-01,0.0020661157024792,0.0011693026692215,0.0010735453777195,0.0013343144933596,0.0011863364594251,0.0044344232742423,0.0036294748743478,0.0014005166619357,0.0011444542073051,0.0025677401531887,0.0120955260933609,0.0028548227128867136,0.00136741557764765,0.0032327817451254584
166,2012-12-01,0.0030927835051546,0.0021663144778948,0.0012308002043756,0.0023434834850534,0.0016773441330029,0.0045507995863536,0.0032062296457607,0.0023997957914478,0.0015777774797883,0.004328955132049,0.0046072480024792,0.0027691261433141724,0.0023716396382506,0.0024913615913639757
167,2013-01-01,-0.0030832476875641,-0.0012052849443397,-0.000766339311223,-0.0009145213264882,-0.0026196522037563,-0.0007086057964097,0.0025599323993797,-0.000874819074605,0.000741014787385,0.0042927135149802,0.0007389849051546,4.599549056920451e-05,-0.00073747255381635,0.0002033489352663649
168,2013-02-01,0.0051546391752577,0.0040150957765524,0.0045608088339377,0.0038849966581169,0.0042227132191405,0.00239085463744,0.0001886230329055,0.0039788926083544,0.0036565680163131,-0.0014619535415197,0.0105564408124359,0.003629544062446578,0.00393194463323565,0.004089539961130363
169,2013-03-01,0.0030769230769229,0.0023279902302068,0.0027963939084916,0.0022986026207237,0.0027908009735899,0.0039973455129254,0.0008420486519195,0.0023724282669596,0.0038746194996676,0.0013609019139988,0.0026464132752576,0.0025288150568044637,0.0025094207711085998,0.002699598441014161
170,2013-04-01,0.0020449897750511,0.004686960659562,0.0047471391836901,0.0045975715235878,0.0036512941991957,0.0057528773562085,0.0041998117673862,0.00464796465377,0.0036421398194143,0.0039411143670975,0.0099116760769229,0.0049455743359558095,0.0046227680886789,0.005124599160645445
171,2013-05-01,0.0020408163265306,0.0011673909080233,-0.0001146353136454,0.0009195260873264,0.0007198180100246,0.0006863572182222,0.0025693123651315,0.001006944455911,0.0003847848136516,0.0020246093005917,0.001813850415051,0.0011037448665369635,0.0009632352716187,0.001067534193765313
172,2013-06-01,-0.0020366598778004,-0.000805081774773,-0.0010058256750986,-0.0011713152323901,0.0005683100030839,0.0002609876625322,0.002045839726727,-0.0010982643115932,0.0014859157979551,0.0028427528103876,-0.0089488016734694,-0.0005543208838871727,-0.00027204705612039997,-0.0008860512455118468
173,2013-07-01,0.0,0.0010810696750286,0.0006268644005757,0.0003489305377506,0.0019975490645767,0.0007730457010429,0.0001874406242716,0.0004274756439788,-6.852145809770017e-05,-0.0020190540845142,-0.0008579696778004,0.00026227577433429993,0.00038820309086470004,0.0005689003196401002
174,2013-08-01,0.0040816326530612,0.0045850176637235,0.0042211507390112,0.0038269640033476,0.0034684082010052,0.0056487377884018,-0.0011019711984623,0.0039024130445071,0.0020857778528509,0.0033360412135545,0.0017334116,0.0032139670009196275,0.0036476861021764,0.0029845260845989675
175,2013-09-01,0.0030487804878047,0.0029030395384087,0.0025753552023293,0.0021574663707878,0.0011709953000615,0.0010638762410886,0.001896247972955,0.0022318973899477,0.000811240810679,0.0015498039815238,0.0060783412530612,0.0022241019302467273,0.0020268571718714,0.002137009662460631
176,2013-10-01,0.0010131712259371,0.0044273961880725,0.0044647858640188,0.0037198517231747,0.0030627004125529,0.0036484321360351,0.0036183770164559,0.0037849684434626,0.0037364945494616,0.0032041601577847,0.0079076547878047,0.004118454037740151,0.00372817313631815,0.00400676301986405
177,2013-11-01,0.0,0.0024178624599105,0.0014144298787635,0.0016820656227147,0.0009061516572053,0.0024857009981967,0.0021124683561673,0.0017791861379636,0.0005633766797453,0.0013905679587355,0.0036108375259371,0.0018266611959707859,0.00173062588033915,0.001617629091473542
178,2013-12-01,0.0040485829959515,0.0026376789650882,0.0019980410545748,0.0018511919911545,0.001918991499416,0.0045943339938466,0.000545259070284,0.001962220030038,0.002017707557117,0.0014973250047348,0.0011340159,0.0020088518937255366,0.001940605764727,0.0019574463013318642
179,2014-01-01,-0.0050403225806451,-0.0005461570139152,-0.0009367580290789,-0.001185526837468,-0.0033092255028997,-0.0007065729487526,0.0018747006056402,-0.0010944504343964,0.0003855164124107,0.0037690334326931,-0.0026317370040484,-0.00047298570988463175,-0.00082166548891575,-0.0006416028558266637
180,2014-02-01,0.0040526849037485,0.0045681079822952,0.0043286519048371,0.0036568967320983,0.0020512596537412,0.0046200650121605,-7.379713168281267e-05,0.0037846442475266,0.0025628581370328,-0.0012453669807257,-0.001003488080645,0.0023963371737457943,0.00310987743456555,0.002203233741609652
181,2014-03-01,0.0020181634712412,0.0031680081103665,0.0031563016404961,0.0023530199767737,0.0031358761822242,0.0023684467115406,-0.0009884436096402,0.0024777074149363,0.0035159122553258,0.0004145538163696,0.0041372629637484,0.0024132215691564773,0.00280679179858025,0.0027374060430591235
182,2014-04-01,0.0030211480362536,0.0020709503299611,0.0015069179134873,0.0012733799920138,0.0026620690629311,0.0051509364328604,0.0031489613686699,0.001413983036045,0.0023175271944264,0.0019724576789983,0.0022947711712412,0.0023631649937486954,0.00218286075060115,0.0023972871896774934
183,2014-05-01,0.0,0.0028631483546613,0.0019548936753896,0.0021295441038454,0.0023041782576379,0.0004697179364821,0.0024672772298169,0.0022497577194122,0.0029949612980937,0.0048738127802394,0.0062938952362536,0.0028169922123235905,0.0023857277437274,0.0030472266479119646
184,2014-06-01,0.002008032128514,0.000192144844747,-0.0004450591807678,-0.0005290373774674,-0.0011220511662631,-0.0001274160069868,0.0016288199012718,-0.0004043943231773,-0.0002098020107965,0.0022769453339775,-0.0048659537,-0.0003557183502226818,-0.0003070981669869,-0.00018177585788777638
185,2014-07-01,-0.002004008016032,8.240282008573638e-05,-0.0005237914121974,-0.0006564585041768,-0.0023831220600818,0.0017091193883944,0.0008993967697882,-0.0005695616762905,-0.001402261319481,-0.0016860481152455,0.000617057628514,-0.0004054493659031466,-0.00054667654424395,-0.0004011939345695021
186,2014-08-01,0.0030120481927711,0.0041562371680396,0.0035581530017283,0.0034663788898256,0.0018172747583225,0.0031628021782869,0.0002660961546597,0.0035728860719919,0.0023448942821223,0.0024415717146948,0.0002186251839679,0.0025279187591027586,0.00280218694649085,0.002543052803450746
187,2014-09-01,0.0010010010010008,0.0026214023138144,0.0024015138085798,0.0020237407495171,0.001269293490149,0.0046125998809345,0.0001943093849001,0.0021379753711967,0.0024116690539181,0.0016152192749512,0.0057690641927711,0.0024842301918745683,0.00226974458988825,0.0025025481870158714
188,2014-10-01,0.0009999999999998,0.001999897754339,0.0023370232205629,0.0014540318584033,0.0013071818184171,0.0005696530388614,0.002141438655156,0.0015986064353784,0.0023035667796006,0.0024549724591272,0.0008402961710008,0.0017096291168823092,0.0017992520948587002,0.0018522854948676165
189,2014-11-01,-0.0019980019980019,0.0003335046025164,-0.0003655705082159,-0.0002065476359676,-0.0009677806113394,0.0022848361596851,0.0009921666894339,-7.148868598121604e-05,-0.0009071235379972,-0.0003698382341533,0.0004690413599998,9.565285790965237e-05,-0.00013901816097440801,0.00017466907418663903
190,2014-12-01,0.0,0.0035656958806611,0.002618009198795,0.0030321315277192,0.0019097020929113,0.0015944424345859,-0.0003605774261358,0.0031536010943614,0.001582509146237,0.0024049457386017,-0.0020711280480019,0.0017806050504992183,0.0021573239157565,0.0019926535169205424
191,2015-01-01,-0.007007007007007,-0.0031236407384563,-0.0039154144096617,-0.0036327728249552,-0.0051052947452437,-0.0035892802149763,-0.0011757126674186,-0.0035037836575755,-0.0044131704668073,-0.0027601248685231,-0.0033236176,-0.0034626676481721453,-0.0035465319362759,-0.0029083691904220554
192,2015-02-01,0.003024193548387,0.0030070935225556,0.0035603045081345,0.0023705327385686,0.0018446425099001,0.0045355791298656,-0.00310621019999,0.0024937179426177,0.0002951161676823,-0.002465524311787,-0.004357041307007,0.0009350725749795228,0.00210758762423435,0.001393228694867141
193,2015-03-01,0.0010050251256281,0.0010772416591991,0.0014815180661917,0.0005339266967156,0.0020543579549936,0.0002749953170322,-0.0027549000333041,0.00065619554933,0.0014861249325064,7.94242133206999e-05,0.003653272498387,0.0008553523144215228,0.0008667186042645501,0.0009963105019954387
194,2015-04-01,0.0030120481927711,0.002368966406496,0.0015022631225316,0.0019191483525481,0.0020251925730394,0.0028894626275085,0.0021393021243498,0.0020244410193114,0.0017378845102211,0.0038646429485319,0.0018338109256281,0.002211811946031027,0.0020248167961754,0.002183174200838791
195,2015-05-01,0.0020020020020019,-0.0001595455254015,-0.0002315605287533,-0.0005238275532393,-0.0005545430860944,0.0013259548743297,0.0018410652761626,-0.0004199296502346,0.0004735393953595,0.0015791971136121,0.0027450009927711,0.0005665771130446272,0.000156996934979,0.0006351478745774217
196,2015-06-01,0.0,0.0018404018311567,0.0017956781109105,0.0015800994781648,0.0001912131617996,-0.0004087820850054,0.0025623357292447,0.0016704778957476,0.0029729662972668,0.0031352054175359,0.0019346962520019,0.0017356665508960639,0.0018180399710336,0.0019231714649956572
197,2015-07-01,-0.0009990009990009,-0.0020202998492373,-0.0026129247267413,-0.0022805631781037,-0.003030193562265,1.7128322140184254e-05,0.001136986835311,-0.0021654589563845,-0.0018983710316888,-0.0028079091858477,-0.002228883,-0.0018261508464553972,-0.0021971709781922503,-0.0018010763959588117
198,2015-08-01,0.0029999999999998,0.0028304351133305,0.0035101073731677,0.0026682712933308,0.0005336102284418,0.0043485797381087,-0.0004465746333331,0.0027543010423835,0.0019749621458284,0.003136612751748,0.0019797213009991,0.0023637556838056865,0.0027112861678571503,0.0025863106866545267
199,2015-09-01,-0.0009970089730807,0.0006416138062236,-0.0006115548939415,0.0005461373729672,-0.0017856235831183,0.001238107487665,0.0006962078008216,0.0006428934890873,-4.5621879483399765e-05,0.0012722448279377,-0.0011412534000002,0.00018609332888676374,0.0005938755895954001,0.0003812358561671069
200,2015-10-01,0.0009980039920158,0.0013972864893482,0.0008942235629182,0.001306132749799,0.0002458161744241,0.0016013218626443,0.0012852296385277,0.0014062874432367,0.0021035596706064,0.0016124024229777,-0.0012884150030807,0.0010832322391795637,0.0013517096195735999,0.0006728655442395129
201,2015-11-01,0.0,-0.0014158022284589,-0.0025389950524506,-0.0015270902230431,-0.0011405040980489,-0.0007911460492257,-0.0001725211316271,-0.0014125464153248,-0.0006927575190054,-0.0008360097241247,3.436359201579992e-05,-0.0010437514327618362,-0.0009882569110868,-0.001178625205997741
202,2015-12-01,0.0009970089730808,7.263746810082933e-05,0.0002377053234815,-4.59457713057829e-05,0.0006427586276561,0.0026356752124654,0.0005757440690587,6.459081400826596e-05,0.0017934880110579,0.0015239787311444,-0.006961353,8.600038017612844e-05,0.0004067246962701,-0.0003590379348728846
203,2016-01-01,-0.0049800796812748,-0.0043823995031058,-0.004565249174685,-0.0044601319315496,-0.0034975841948096,-0.0054434089586352,0.0003991182951326,-0.0043707496405914,-0.0026139875167076,-0.0009832843285682,-0.0068066060269192,-0.0037364415956625085,-0.0043765745718486,-0.003103129092810047
204,2016-02-01,0.0020020020020019,0.0021094151739196,0.0016542395075722,0.0019068413138054,0.0036479108583117,0.0048688178257899,-0.0015941340561206,0.00198602291831,0.0003387541470998,-0.0013964630004492,-5.24928812748e-05,0.0013863138379684363,0.0017805404106888,0.0022519486574950703
205,2016-03-01,0.002997002997003,-6.754912793412778e-06,-0.0002145421027562,-0.0001315266262235,0.0010034309917589,0.0020996885329046,-0.0020107677124544,-5.904433872478375e-05,-0.0016016991191079,-0.0013483992774471,0.0029218688420019,5.063352678945105e-05,-9.528548247414188e-05,-1.6754166110767224e-05
206,2016-04-01,0.0019920318725097,0.0022686177446525,0.00258945262421,0.0022816743738253,0.0016737705159441,0.0012946911001969,0.0024338853342646,0.0023520893000297,0.0021944662103869,0.0047258530524951,0.001919405397003,0.0023644592465679095,0.0022751460592389,0.0019113496886644606
207,2016-05-01,0.0019880715705766,0.0013003948572947,0.0016398589092401,0.0013918555472669,4.468185515504072e-05,0.0017020932046424,0.0025299794708541,0.0014426263392791,0.0018376895470162,0.0031928584292077,0.0035755830725097,0.0018480542990370176,0.0016709760569412501,0.0017463867326991233
208,2016-06-01,0.0019841269841269,0.0004287699798342,0.0019731834532446,0.0005880910925875,-0.0004846572251723,-0.0009871911129237,0.0019456413884211,0.0006259681382081,0.0023971597004745,0.0027824881462696,0.0007587059705765,0.0009745905987193089,0.0006923370543923,0.0010286119254573007
209,2016-07-01,-0.0009900990099008,-0.0015383944921301,-0.0007455238881821,-0.0013775155747068,-0.0007306338709083,-0.000839937577828,0.0019683486374774,-0.0013531274582991,0.0002956036514842,-0.0009395672622565,0.0006536417841268,-0.0004908942531115955,-0.0007927307330050501,-0.00013145809898705506
210,2016-08-01,0.0029732408325073,0.0025073863787897,0.0023335557868161,0.0026530535265956,0.0034423029495221,0.0026631509315823,0.0007097891846831,0.0026836697362191,0.0037489917002433,0.0031760766667814,0.0017692150900992,0.002576844925492805,0.00265810222908895,0.002759922084327171
211,2016-09-01,0.0029644268774702,-0.0002962359752933,0.0002962222232704,-0.0001590340127347,0.0004912946620085,2.1223505981834024e-05,0.0006813964573202,-0.0001330290532914,0.0017032338896577,0.0013150816219325,-0.0002540572674927,0.00034771081054410464,0.00015872286462611702,0.0003187046894528428
212,2016-10-01,0.0009852216748766,0.0013619409158359,0.0022042558517013,0.0014467562729424,0.0009867644537208,0.002574464206265,0.0029806083548512,0.0014624172576605,0.0024852247867937,0.0024361592788944,0.0012815834774701,0.0019139555828014728,0.0018333365546809002,0.002099908303648093
213,2016-11-01,0.0019685039370078,0.0005198679067776,0.0005204478176295,0.0005030198499773,0.003032469958149,-0.0002668937447065,0.0021248692149906,0.0005349520318143,0.002355063956798,0.0012370542115313,0.0001360580748766,0.0010204190184145091,0.0005276999247218999,0.0009879776098041546
214,2016-12-01,0.0039292730844793,0.0014035622439651,0.0010743856394021,0.0013571895119458,0.0020261383552281,0.0017527446802966,0.0014005594893951,0.0013639592823529,0.0012514233187733,0.003431076109482,-0.0016562572629922,0.001344276432156618,0.0013822593858740001,0.0015427039729396883
215,2017-01-01,-0.0039138943248533,-0.0025021726670466,-0.0022790571029137,-0.0025314221048071,-0.0030767854095389,-0.0023568416029707,0.0027956019312179,-0.0025576837166954,-0.001363165302434,0.0012708087895045,-0.0039032259155207,-0.0017212227487466683,-0.00242950713500865,-0.0007307869575642544
216,2017-02-01,0.0058939096267192,0.0021559211744724,0.001778715931065,0.0018776853185661,0.0040016406309391,0.0031269192455438,0.0005598306712835,0.0019073679528858,0.0013278510941729,-0.0011135151919259,-0.0012660599248532,0.0014713234115422773,0.0018282006248155499,0.0014223480425435823
217,2017-03-01,0.0029296875,0.0027748206590633,0.0030224671652815,0.0025984599426308,0.0032917710154118,0.0031431094264936,0.0003283166137524,0.0025969051484,0.0037845636744649,0.0036947809260406,0.0060128393267192,0.003120983835831422,0.00308278829588755,0.0030541071365107497
218,2017-04-01,0.0048685491723465,0.0020379690744755,0.0020020263144061,0.0019470385944651,0.0013466080746501,0.0030951197087635,0.0046679441002318,0.0018973942532043,0.0016869706760747,0.0031846761517156,0.0004283795,0.002206241718402027,0.0019745324544356,0.0021376823355850187
219,2017-05-01,0.002906976744186,0.0026696892498658,0.0027919266174257,0.0026358030634877,-0.000676661121118,0.0009334157013986,0.0037292471354884,0.0025829521666859,0.0033953360491677,0.0053004567338771,0.0018751538723464,0.0025354605113910955,0.00265274615667675,0.0031504478392303374
220,2017-06-01,0.0,0.0026368281963408,0.0030975339303983,0.0025725256455664,0.0008168337307948,0.002216599538141,0.0040743683782158,0.0025464841232925,0.0050608799889963,0.0047934661564791,-9.413455581399992e-05,0.0027569147321240546,0.0026046769209536,0.002904266550603538
221,2017-07-01,0.0,-0.0005431131914639,-0.0005415678186768,-0.0007406939392469,-0.0004684082884427,-0.0018901982061964,0.0016880015383136,-0.000752213974471,0.0003137685502956,-0.0024411536471482,-0.001164612,-0.0006529176856720091,-0.0006419035653554,-0.0008561603392353178
222,2017-08-01,0.0048309178743961,0.0034762653720293,0.003333830727932,0.0031857641516856,0.0022117916009687,0.0024155334468156,2.822538799901464e-05,0.003236703834336,0.0033134723292771,0.0032252406290911,0.0004528229,0.0025531957064111603,0.00320550239038835,0.0027993806328519793
223,2017-09-01,0.0028846153846153,0.002750713929116,0.0020498604890898,0.0024915071363403,0.0035635992825845,0.0024531049456423,0.0021059582343261,0.0025377785539663,0.0042195847972041,0.0033019632185485,0.0042278420343961,0.0029405598966141047,0.00264424624154115,0.002886085728246726
224,2017-10-01,0.0009587727708533,0.0026669425995765,0.0021369852945441,0.0024506796718323,0.0021643693818141,0.0029593147655465,0.0040301133072801,0.0025005462183632,0.0036045288323921,0.0039869633560837,0.0013989348846153,0.002771192974637977,0.00258374440896985,0.0027962134226114004
225,2017-11-01,0.0028735632183907,0.002012377258915,0.0026952481616201,0.0017248487222797,0.0035727095194544,0.001107447368665,0.0020511097085214,0.0017379399427104,0.0026022249313755,0.000174214469687,0.0005414895908533,0.0018267971158994999,0.0018751586008127,0.0017705815403981605
226,2017-12-01,0.0028653295128939,0.0032473744818393,0.0035208093895845,0.0030482267285409,0.003898392800165,0.0032212749740592,0.0017507909042138,0.0030346187936731,0.0030207790631585,0.0024148375277597,0.0021465062183907,0.002940457603862882,0.003041422761107,0.003076658756424498
227,2018-01-01,-0.0047619047619047,-0.0012588364669217,-0.0010724429058777,-0.0013373521126091,-0.0016132950206494,-0.0033726267652329,0.0028509231114604,-0.0013671455164459,-0.0016518191345954,0.0010631124966324,0.0010709539128939,-0.0007260566082828,-0.0012980942897654001,-0.000941821262059264
228,2018-02-01,0.0038277511961724,0.004816040629049,0.0038742138637213,0.0044790996938389,0.0068002090619679,0.0045098256869389,-0.000417211309285,0.00448111180773,0.0006137274235183,-0.0005179074761165,-0.0036233219619046,0.002653858563476209,0.0041766567787801,0.0038304710295415344
229,2018-03-01,0.0019065776930409,0.0020539904918792,-0.0001240425586282,0.001856604103906,0.0025233351965951,0.0018859598646091,-0.0010218324657558,0.0018268775632455,-0.0016187550825662,-9.68953776578998e-05,0.0041509112561723,0.0012070812568522593,0.00184174083357575,0.001368513651484923
230,2018-04-01,0.0038058991436726,0.0035501102928365,0.0019827798216304,0.0034188849566381,0.0030392369070283,0.0025859246363506,0.0029761063493411,0.003390727983818,0.0014102303315221,0.0024139250865631,0.0019528295150409,0.002681979215783177,0.00278101549284585,0.003020406546318702
231,2018-05-01,0.0037914691943128,0.0031787203466059,0.0039496149209322,0.0032326782532651,0.003072141098857,0.0032018917505812,0.0026862522663776,0.0031671035879814,0.005696328788274,0.006496060581804,0.0043938100836726,0.0038447169709340135,0.0032172850019231503,0.003469275820596747
232,2018-06-01,0.0,0.000743375372395,0.0030769310063491,0.0009290691114478,0.0020420906559298,9.119086022475742e-05,0.0037616273677834,0.0008130317002958,0.0051304784300456,0.003791294945827,0.0026441835943128,0.002306037288157487,0.0023431371251213,0.0019261713887037744
233,2018-07-01,0.0,-4.089960099355056e-05,0.0013684705653197,0.000150636960045,0.0019137024141462,-0.0007598631850588,0.0020923737731201,-4.533964582565395e-05,0.0015688046115177,-0.0026923625638936,0.0012315116,0.0004980099280363268,0.0006910742800225,1.5803966591220473e-05
234,2018-08-01,0.0056657223796032,0.0038954909797576,0.0028399934022095,0.0041796301835377,0.0033202240214155,0.0052966292543138,-2.726253905950375e-05,0.0040086610425259,0.0013191879411233,0.0007124509475096,-0.0006931323,0.0025392710586496265,0.0030801087118125002,0.003305413192954164
235,2018-09-01,0.0009389671361501,0.0019179174593838,0.001260098945044,0.0023823683388607,0.0016134392995743,0.0015907947311211,0.0025139448384299,0.0023703466101434,0.0022417721143427,0.0030514140219589,0.0073770281796032,0.002602289445518641,0.00230605936224305,0.0019707687601492976
236,2018-10-01,0.0009380863039401,0.0009052783987832,0.0003785137221726,0.0018006675708315,0.0016037477024038,0.0016832017613025,0.0035847302863882,0.0016218261282491,0.002043667401116,0.0025370147925119,0.0010204051561501,0.0017119606240622455,0.0016525139447758001,0.0015105425707750335
237,2018-11-01,0.0018744142455482,0.0016452635090368,0.0038322044157358,0.0026152135034182,0.0028057465848465,0.0007816904881672,0.0009482635591596,0.0022169544873855,0.0034471521609412,0.001275011434972,0.0018622972439401,0.002133583932115063,0.0020396258656628,0.002221768445440493
238,2018-12-01,0.0018709073900839,0.001354352149452,0.0017003426143942,0.0021352910023264,0.0009902745369292,0.0023950998333555,0.0013716476212399,0.0020119580039235,0.0015824089204317,0.0015492970354834,0.0023757539455482,0.0017370728573179047,0.00164137576741295,0.0017644764338901977
239,2019-01-01,-0.0065359477124181,-0.0028437366707485,-0.0031633928599334,-0.0024718867723126,-0.0037126690116006,-0.0029157215263883,0.0019164652683641,-0.0023187328873926,-0.002034377516944,0.0002323771526149,-0.000650348409916,-0.0018506666421917823,-0.0023953098298526,-0.0018305042868033065
240,2019-02-01,0.0037593984962405,0.0030898425789594,0.0017878735944336,0.0034043739689173,0.0045876519474735,0.0026678599825813,-0.0016968621911482,0.0034835350099538,-6.70926157286993e-05,-0.0028011636881921,-0.0052926368124181,0.0010355680512126595,0.00222786678850745,0.0021801941526600277
241,2019-03-01,0.00187265917603,0.0009228670547595,0.000530097042807,0.0013144384344229,0.0023401117627645,0.0021205481132349,-0.0022261837526307,0.001396083039932,-0.0001931256296001,-0.0002897906964332,0.0055336680962405,0.0011424878372807727,0.0011186527445912,0.001401671091897509
242,2019-04-01,0.0056074766355138,0.0022282166349798,0.0021733790932974,0.0026103820185524,0.0019240136116176,0.0021492135332052,0.0029340911898618,0.0027104142868351,0.0020074090888453,0.0040910380719546,0.00250477411603,0.0025181297291531,0.0023664953755049,0.0023728301232952727
243,2019-05-01,0.0027881040892194,0.0024994683774749,0.0026767397461536,0.0027621919461215,0.0016086269143444,0.0023376759782028,0.0034868852708233,0.0028856284714486,0.0049016752880874,0.0084739860168678,0.0066542154355138,0.003737363968529377,0.00282391020878505,0.004626886028322061
244,2019-06-01,0.0,-0.0002729761390868,0.0008174857638753,-4.8189267365128e-06,-0.0004095122119717,0.0006087984123399,0.0044218511114993,0.0002285447748706,0.0027932578991455,0.0038646017828509,0.0008309562892194,0.001235575531283044,0.0007131420881075999,0.0007713903247369544
245,2019-07-01,0.0009267840593141,-0.0012018715316357,-3.567625224271333e-05,-0.000875778705574,0.0007232440853026,0.0006974779924965,0.0015664851743958,-0.0007224708429526,-3.878730618199601e-05,-0.0034206375670036,0.00023276557,-0.0002829528329643695,-3.723177921235467e-05,-0.0002450212938362566
246,2019-08-01,0.0027777777777777,0.0038292000833673,0.0037903051413778,0.0040612069622745,0.0043715296701611,0.0039485069923972,0.0003990468859936,0.0042893816733141,0.0044984511086661,0.0036369295532919,0.0033138434593141,0.003638841369821814,0.0038888535378822503,0.003538759925592505
247,2019-09-01,0.0009233610341643,3.3535058838460915e-05,-0.0003069090978272,0.0002282123647279,-0.0007853203895602,0.0017536964163837,0.00172609391885,0.0005680171245941,8.32825502120999e-05,0.0017462905033168,0.0016695474777776,0.000646778242906751,0.000398114744661,0.0007463326383493802
248,2019-10-01,-0.0009225092250922,0.0018980540870917,0.0020848759941296,0.0019961957741383,0.0005164502801931,0.0017899447476281,0.001984118837173,0.0023440503493039,0.0020012598646397,0.0020522823790991,0.0008495345141643,0.0017733567393833137,0.0019901573056556503,0.0018560420315237981
249,2019-11-01,0.0018467220683286,0.0015205465966006,0.0033371376841712,0.0016962522792951,0.0012244224246901,0.0022975213426596,0.0001134406071478,0.0020422686452984,0.001288073439769,-0.0017028203190661,-0.0032585079250922,0.0009056949812416635,0.0014043100181848,0.0005735207689793976
250,2019-12-01,0.0,0.0018273246736311,0.0024858320268,0.0019851653380745,0.001611703640771,0.0028809671823557,0.0002527856806119,0.0022897944159781,0.0018819489593409,0.003291682256095,-0.0008245471316714,0.0017832921991540454,0.0019335571487077,0.0020180575503158764
251,2020-01-01,-0.0018433179723502,-0.0046065217460884,-0.0046594615201463,-0.0045120102315413,-0.0034161600120867,-0.0043776832446975,0.0010264849202529,-0.0042199950425302,-0.0047157722971833,9.863697772125e-05,-0.0018042307,-0.003225959276355764,-0.0042988391436138505,-0.002135373725039631
252,2020-02-01,0.002770083102493,0.0026920719556255,0.003151655644867,0.0028714234815368,0.004294699099948,0.0045217436617241,-0.0008196268966646,0.0028970381376973,0.0015970948565146,-0.000579559220888,0.0032940140276497,0.0024367986870570406,0.0028842308096170503,0.0027949651234823393
253,2020-03-01,0.0,0.0013346132616375,-0.0003176896236858,0.0014040631596392,0.0013237481507119,0.0042879498558452,0.000147221369036,0.001508308484782,0.0001077697271718,0.0009608362625204,0.003538238902493,0.0014203854778478088,0.0013291807061747,0.0014253808960928971
254,2020-04-01,0.0,0.003601993365792,0.0046375105189414,0.0045471654457595,0.0024811680650139,0.0055758271062518,0.0015612975830178,0.004213543843068,0.0037614247801726,0.002509681298885,0.0027327496,0.003573097334534937,0.0036817090729823,0.0033536290524200296
255,2020-05-01,0.0,-0.0002692138537689,0.0004863673704508,0.0021328508979258,-0.0022147212445415,0.0012236485900536,-6.821360065857921e-05,0.0020859844105419,0.0001645637763506,0.0034001731949101,-0.0038807257,0.0003078344922422292,0.0003254655734007,-3.5999859339903224e-05
256,2020-06-01,0.0018416206261511,-0.0021323792701283,-0.0130708285562226,0.0003650745420935,-0.000395268981644,-0.0021573136530053,-4.5353739422542005e-05,-0.0002231203405401,-0.0047085433080929,-0.0007023021951404,-7.7972654e-05,-0.002154253976772258,-0.0005487855883922,-0.003276237357824542
257,2020-07-01,0.0036764705882352,-0.0001890985379686,-0.0074653978451643,0.0011711018331225,0.0004428482269044,0.0008170373116775,0.0007679097072493,0.0003172822892164,0.0040933475002104,0.0031277068986931,0.0024186294261511,0.0005721673017777454,0.0007924735094634,0.00118800381171009
258,2020-08-01,-0.0036630036630037,0.002093043703407,0.015817811539283,0.0031894471316478,0.0027546044264317,0.0043463136693664,0.0026648429437905,0.0021367160831107,0.013145649556878,0.0066250571617713,0.0035827001422352,0.005431114544987555,0.0033860736369415003,0.007355196196498533
259,2020-09-01,0.0036764705882352,0.0008921086991665,0.0157038084762073,0.0016985275008785,0.0020438425424576,-0.0002936200926225,0.0005379534446972,0.0009375566561915,-4.435825513599868e-06,-0.0136983282151921,-0.0037736946130037,0.00043261360410895913,0.0007150310719318501,1.1662235428810545e-05
260,2020-10-01,0.0,-0.0008868525646033,-0.0028321684792484,9.612543961644728e-05,-0.0009736503825766,-0.0007006785311758,-0.0006445483836163,-0.0007683637309606,-0.0064014766525912,-0.0016397161445602,0.0028675044882352,-0.0011555848262966096,-0.00082760814778195,-0.0009799250802652953
261,2020-11-01,-0.000915750915751,0.0011859408593278,0.0011605040168182,0.0021937754163385,0.002327440958277,0.0006956675907465,0.0021539569128742,0.0013305101811163,-0.0057839673696564,-0.0039810679601403,0.0034397007,0.0005436988023567134,0.0012582255202220499,0.0013304478322043898
262,2020-12-01,0.0027497708524291,0.0003339488367877,-0.0306583006678538,0.0012277016684471,0.0019239357893201,0.0013860343737111,-0.0004277925326655,0.0004745943637416,-0.0118713583873987,0.0040421390554476,-0.001919737415751,-0.003189505755995378,0.00040427160026465,-0.0035232557503256674
263,2021-01-01,-0.0009140767824498,-0.0013015888969372,-0.0206335005709918,-0.0003802539783386,-0.0007287439720893,-0.0045721353319124,0.0005233988054552,-0.0012521198091082,0.0005070582083333,0.0051840851182551,0.0008309947524291,-0.0020343004227380682,-0.00055449897521395,-0.00027732801240779373
264,2021-02-01,0.000914913083257,0.0017829947762107,0.0098098410353028,0.0027518715932254,0.0041621860978938,0.0025990666288666,0.0011588865315859,0.0018275441769323,0.0131571203056424,0.0022566926938494,0.0035670227175502,0.004158972333464136,0.0026754691110460003,0.0032604271572951164
265,2021-03-01,0.0027422303473492,0.0001344103866865,0.0055626448030049,0.0009913641684054,0.0023782306468699,0.0012946749346057,-0.0001897982370275,0.0001425460277419,0.0127463877811424,0.0013192958740116,0.002688048383257,0.0025795263793642227,0.00130698540430865,0.0005987351598094276
266,2021-04-01,0.0063810391978122,-0.0005307382058777,0.003611959149849,0.0002712674189117,0.0026875275786085,-0.0009161656185973,0.0016635953494454,-0.0005643391549256,0.0084518996032021,0.0008181270270498,0.0051873437473492,0.0019928489166602457,0.0012408611882476,0.002371320424300591
267,2021-05-01,0.0054347826086955,-0.0003585077310206,0.0140481572746057,0.00052545839081,0.0005636643995042,0.0008676723835433,0.0043018785612929,-0.0004221319066316,0.0001815651772894,0.0079591585560356,-0.0006354568021878,0.002506910881672564,0.0005445613951571,0.0019355651335407316
268,2021-06-01,0.0036036036036035,0.0012260164518521,-0.0015808371766969,0.0018939106542329,0.0003895061036801,0.0003276433669304,0.0059858317298763,0.0011313047501555,0.0087560893464177,0.0080547812763499,0.0063338992086955,0.0030980099331396364,0.0015599635530425,0.005050873556560846
269,2021-07-01,0.0,0.003615152490483,0.0031559061674694,0.0040332441138053,0.0033950616466492,0.0024515922558799,0.0046985734585298,0.003508281810044,0.0126410416766296,0.007770749488198,-0.0003246793963965,0.004409694623777745,0.0035617171502635003,0.0037456552636592312
270,2021-08-01,0.0062836624775581,-0.0013747008590947,0.0244288843704408,-0.0009317232732378,0.0004038187377505,3.03106023503974e-06,0.0020704267918847,-0.0014413310786355,0.0046869153530929,-0.000987956618159,0.004119405,0.002834563125751792,0.00020342489899276986,0.0037439809795777974
271,2021-09-01,0.0026761819803746,0.0036392307153429,-0.0028240435350231,0.0040813279925281,0.0048836421637882,0.0050516436583968,0.0026695141823978,0.0035466471873289,0.0092212313618427,0.009454712834859,0.0043241138775581,0.004386431034005682,0.0042027209350431,0.0063827817750428594
272,2021-10-01,0.0088967971530249,0.0024166138409589,-0.0028165099151767,0.0029010150095306,0.0027210749328184,0.0017316049378275,0.0047762017268305,0.0023607728147691,0.005314395591416,0.0033284637321575,0.0001084194803746,0.0023100815034904592,0.0025688443868886503,0.0029422073311533943
273,2021-11-01,0.0061728395061726,0.0023719870658125,-0.0062522633899267,0.0026197847514737,0.00516333927682,0.0023305500747301,0.0052829063439105,0.0023214961070022,0.0023670511573362,0.0059522634867019,0.0056946076530249,0.0027588734941389453,0.0024958859086430998,0.0034067906325011025
274,2021-12-01,0.0052585451358457,0.0040582602716733,0.0045663251096892,0.0045058059921026,0.004700288301631,0.0054115185215341,0.0078654840366081,0.0040174328640366,0.0061803073161865,0.0072012771156955,0.0057514488661726,0.005392186527901095,0.00505590341158255,0.006272842395889574
275,2022-01-01,-0.000871839581517,0.0013713842497515,0.0002858192948921,0.0018423145053141,0.0011050394582185,0.0013494102023916,0.0058367855696853,0.0013593454388902,0.0020515735307835,0.0043801873375462,0.0017839885358457,0.002085775865101573,0.0015776863927986,0.0015926333093366153
276,2022-02-01,0.0069808027923212,0.0031976059327042,0.0042723391697549,0.0029820916011407,0.0067515425257385,0.0071256162208246,0.0027447518876829,0.0032109671941752,0.0036627472885788,0.0002410044325858,-0.006454796181517,0.002812559694100754,0.0032042865634397,0.0035305942138173963
277,2022-03-01,0.009532062391681,0.0032172401708097,0.0031299162219593,0.0023430056699125,0.0053334784050083,0.0044956007397966,0.0024265335747829,0.0032844142527284,0.0015797815407197,0.0018308446919835,0.0064318226923212,0.0033860196505824183,0.0031735781963844996,0.004437672025646041
278,2022-04-01,0.0214592274678111,0.0067979726410413,0.0060294711673503,0.0054941409727699,0.0148787245545776,0.0099767669310491,0.0081692033296064,0.0069259652735149,0.0114174154865723,0.0114016640361887,-0.000366357608319,0.008024777371446558,0.007547584301560649,0.006889340200629285
279,2022-05-01,0.0058823529411764,0.0072861337376651,0.008723099936604,0.0064131877126592,0.0143615673237707,0.0089833291357598,0.0151630648149751,0.0072958836407833,0.0180467327855153,0.020381188457198,0.0265202778678111,0.013167901240227896,0.01167244822976525,0.013737658548764235
280,2022-06-01,0.0066833751044277,0.0068274001940791,0.0057323806552953,0.0058455419797782,0.0101447734979583,0.0085234367964034,0.0152064889168502,0.0068478132205627,0.0090795056532551,0.0106365148505974,-6.635058823600132e-06,0.007865713246767195,0.007685625008483051,0.006515981617247516
281,2022-07-01,0.0058091286307053,0.002325556527803,0.0045409283112423,0.0015547405985982,0.0110883637108204,0.0052103825821385,0.0063544613234168,0.0023052380840447,0.0083891476273172,-0.0002398948711918,0.0059876367044277,0.004762928731391582,0.0048756554466903995,0.0033405444320926017
282,2022-08-01,0.0049504950495049,0.0091972320022653,0.0083857913517583,0.0088986495031356,0.0101913374303173,0.0108274346837996,0.0063678512996648,0.0090725105452718,0.0060119428922084,0.0085276390010967,0.0134753056307053,0.009085570396766073,0.008985580024203701,0.009808543782677943
283,2022-09-01,0.0041050903119868,0.0074127448193274,0.0068712000513774,0.0064110272001323,0.0061948808885488,0.0138015105822567,0.0054529745299179,0.0074387440533537,0.0025062024078481,0.0037869819998508,0.0004317650495048,0.006055544147859859,0.00630295404434055,0.004750499464691787
284,2022-10-01,0.0163532297628781,0.0132622626113776,0.0127038465219438,0.0114899185488428,0.0088543057375022,0.0108895877401864,0.0045839906415413,0.0133954083435567,0.0068652802506979,0.0075162356675744,0.0011358328119867,0.009142601419459462,0.0098719467388443,0.008019898613555114
285,2022-11-01,0.0040225261464199,0.0072542845533376,0.0078599369132085,0.0064513635316618,0.0038689613366293,0.0065786799012267,0.0096384279994648,0.0072952908292653,0.0086765103357944,0.0115812995707001,0.0198033968628781,0.008780524155036683,0.0075776138712369,0.0074509027821658405
286,2022-12-01,0.0040064102564103,0.0055556370561373,0.0054814809158051,0.004134343271595,0.0047112172727716,0.0034693254176664,0.0113131733077104,0.0056766814636446,0.0097968205385123,0.0120342989007839,-0.0044520248535801,0.0057490465706379725,0.0055185589859712,0.005031986723231506
287,2023-01-01,-0.0039904229848364,-1.1077654049063137e-06,0.0012311124980085,-0.0015954003337005,-1.7680100948141292e-05,-0.0003365093542316,0.0040318367174459,0.0001335565305129,0.0014704376843156,0.0021548751573334,0.0017305170564103,0.0008621793276365595,0.0006823345142607,-0.0002822152789501117
288,2023-02-01,0.0096153846153845,0.0054848066847908,0.0056118062084482,0.0031766657385497,0.0065484661871403,0.0090997875667554,0.0003812146345933,0.0056660232605674,0.0002210795612452,-0.0040282562401842,-0.0144071269848364,0.0020077457117036314,0.00433073621167025,0.00348842927887736
289,2023-03-01,0.0063492063492063,0.0070336299670748,0.008711564490226,0.0058522774062843,0.0021327394216488,0.0073152245319219,0.0019700085535856,0.0071601691024694,0.0047914760809457,0.0057635498673601,0.0127830186153845,0.006359691974870968,0.0064429536866795496,0.0067974334210573846
290,2023-04-01,0.0118296529968455,0.0165123301245475,0.0175210621988564,0.0153790942710213,0.0146794909571097,0.0080458454167852,0.0081926739114855,0.0166200048060189,0.0168147567673681,0.0124006177605649,0.0053410064492062,0.013321470479729926,0.0150292926140655,0.014417042463707834
291,2023-05-01,0.0062353858144972,0.0056221944701933,0.0056666113548328,0.0038939699113437,0.0038342610312225,0.0037056508777523,0.0088788963549338,0.0057297814505637,0.0059469934912307,0.0072096102545713,0.0121050141468455,0.00620828906783526,0.00569819640269825,0.006483515859701737
292,2023-06-01,0.002323780015492,0.0068758337612928,0.0077012343596498,0.0054070643363943,-0.0011150656584468,0.005170066523399,0.0094581198815214,0.0069624118587604,0.0039853063615527,0.0122180448338508,0.0048211601144972,0.006147784129210468,0.00614144904884355,0.006644019448255781
293,2023-07-01,-0.0030911901081916,0.0010105327074547,0.0011546190206487,-0.0011675977853171,-0.0012034576676511,-0.0055709866877622,0.0045187012122207,0.0010608927095621,-0.0014723895605744,-0.0014089538635566,0.004519820715492,0.00012387711468960004,-7.853253893119999e-05,-0.00042454101365885157
294,2023-08-01,0.0031007751937985,0.0072548233881011,0.0071948468006701,0.0045949844883835,0.0074982465140416,-0.0008959602351425,-0.0001934680663905,0.0072740716739402,0.0042044682002881,0.0026971878594071,-0.0007440486081916,0.003934988941767537,0.0043997263443358,0.00424375355744968
295,2023-09-01,0.0054095826893352,0.0061334843357576,0.0060036688683278,0.0034528615221834,0.0092437819706009,0.0002504616212726,-0.0003062764118115,0.0061370906737854,0.001181939347463,-0.0033343339481105,0.0051494581937985,0.00347393600284165,0.00430115985799095,0.0008747585072435186
296,2023-10-01,0.0007686395080706,0.0136515837936445,0.0137873873791802,0.0112590042366178,0.0128405755175777,0.0078043801274218,0.0041881757637475,0.0136192006991017,0.0083686899288058,0.0067299065745975,0.0125649726893352,0.01061144228845511,0.0119119884629765,0.012836303834395775
297,2023-11-01,-0.0015360983102917,0.0024752156489816,0.0019911911543905,-0.0004051775091603,0.0028592238850817,-0.0001167990317765,0.0032808044683887,0.0023808395724359,-0.0034112386960933,-0.0025025194260241,0.0002702761080706,0.0007229590732295774,0.0011307336312305501,0.001028436557819606
298,2023-12-01,0.0038461538461538,0.0003361207557062,-1.610754463222128e-05,-0.0021554335761628,0.004372513663449,-0.0035116515550673,-0.0003215750581226,0.0002146406524812,-0.002334240320433,0.0001820941636879,-0.0004276181102916,-0.0003481907482511484,-0.00016884130137741064,-0.001125284774723813
299,2024-01-01,-0.0038314176245211,-0.0041017539815064,-0.0038025584864404,-0.0065076712466479,-0.0041990241559883,-0.0024699818658257,0.0009573000040225,-0.0041770756983246,-0.0055310071034404,0.0015719368448882,0.0035651785461538,-0.0026042557615529637,-0.0039521562339734,-0.0033758618460391315
300,2024-02-01,0.0061538461538461,0.003872383588503,0.0017881783121752,0.0018400151778709,0.0054421971209863,-0.0016289917101354,0.0002803403538438,0.0037608139949875,-0.0001985618855181,-0.0023166855236854,0.0021688897754789,0.0015293341772299775,0.00181409674502305,0.0027049023555261722
301,2024-03-01,0.0061162079510701,0.0057989371851949,0.0065286136178792,0.0035375235038505,0.0069627864081915,0.0020670987324944,0.000817034940952,0.0057169433624517,0.004574327981853,0.0030746672021217,0.0076449054538461,0.004715315823726122,0.00514563567215235,0.006185715735417566
302,2024-04-01,0.0045592705167172,0.0072202309965466,0.0060831707597166,0.0048734938133745,0.0081113019593166,0.0056906533809468,0.0061794240916171,0.0071469463177841,0.0061967831312122,0.0063925564416985,0.0070972665510701,0.006480590657248949,0.00629466978645535,0.006822812560134982
303,2024-05-01,0.0037821482602118,0.0024759207326774,0.0019373442200814,-0.0001781010000258,0.0029463834445166,0.0002639789918477,0.0054107398067909,0.0023812424641863,0.0031677475980877,0.0032496544504413,0.0026831492167172,0.002447054081819818,0.0025795349746973,0.001743808353808452
304,2024-06-01,0.0022607385079127,0.003250213071028,0.0035800297381606,0.0004252825751321,0.0022274091162375,-0.0009271284429246,0.0042286108075504,0.003137424341888,0.0048831549176878,0.0063705404970481,0.0047203788002118,0.0032100942569649087,0.0034151214045943,0.00408096291367037
305,2024-07-01,-0.000751879699248,0.0006238567017956,-0.0009099511321213,-0.0020295826106912,-0.0010453128680207,0.0020707833950764,0.0030770392995681,0.0005013942841379,0.0003672202159993,-0.0006432982966237,-0.0006467881920872,0.00011157470515645454,-0.00013803904031220001,-0.00015229271523458052
306,2024-08-01,0.0037622272385251,0.0054528483760663,0.0055821724364568,0.0031102693211543,0.0052284044782639,0.0052288578301045,0.0008263948640615,0.0052910609760772,0.0048721632788963,0.0018596713922914,-0.000384612059248,0.0038288649793367545,0.0050502838785801,0.003680055079307159
307,2024-09-01,0.0007496251874061,0.0043763364932052,0.0043765033606472,0.0022535157417721,0.0043723680980035,0.0024580159466445,0.0014309314420895,0.0041962580147296,0.0037280706482143,0.0006932983909442,0.0011951199385251,0.002924860124745873,0.0030930432974294,0.003112372242423181
308,2024-10-01,0.0059925093632959,0.0033058925469553,0.0028666716983822,0.0011827048099256,0.0020003341225943,0.0003329554872654,0.002320915117627,0.0031386727211826,0.0020153200970391,0.002254503592616,0.0011796367274061,0.00206659261507465,0.0021349118448275497,0.0018278537482719543
309,2024-11-01,0.0022338049143706,0.0002612210530044,0.0009332034222177,-0.0015807178374758,0.0001360707091673,0.0039204950961895,0.0032756732991859,6.703480532057639e-05,0.0008852648311526,0.0044186730829071,0.0046950321632959,0.0016291986137863931,0.00090923412668515,0.0013423227765231509
310,2024-12-01,0.0037147102526002,0.0019229376266089,0.0014667147125531,0.0003590870158106,0.0012462230643561,0.0057903273226571,0.004275238661385,0.001712334833108,0.0017384814647646,0.0039843204873844,-0.0013202690856294,0.0020818912956304266,0.0017254081489362998,0.002450012503299537
