,Date,Macro_Variable,Forecast_infl_rate,Actual_infl_rate,Lower_95_CI,Upper_95_CI,Within_95_CI
0,2014-08-01,cons_conf,0.0014841667897105726,-0.0001600013473797,-0.0047984399882396245,0.007766773567660769,True
1,2014-09-01,cons_conf,0.001332068755801942,7.159100480080838e-05,-0.004957798078038488,0.007621935589642371,True
2,2014-10-01,cons_conf,0.0016685801185801763,-0.0001979139032411,-0.004621680691300929,0.007958840928461282,True
3,2014-11-01,cons_conf,0.000611982689552191,-0.0018826601524659,-0.005684682279488015,0.006908647658592397,True
4,2014-12-01,cons_conf,-0.0008550350586562967,-0.0030846094445592,-0.007169688025709001,0.005459617908396408,True
5,2015-01-01,cons_conf,-0.0011942320404215337,-0.0063703164417655,-0.007466341555737405,0.005077877474894337,True
6,2015-02-01,cons_conf,-0.0025990809868910447,0.0025346436802173,-0.008950290923887712,0.003752128950105624,True
7,2015-03-01,cons_conf,0.003792421119668513,0.0026939517808124,-0.0026075597636796084,0.010192402003016635,True
8,2015-04-01,cons_conf,0.002307870766643085,0.0010424788961589,-0.004094254974356675,0.008709996507642846,True
9,2015-05-01,cons_conf,0.0008323991625486978,0.0032977453412468,-0.005572050298826845,0.00723684862392424,True
10,2015-06-01,cons_conf,0.005060070249539389,0.0027679208104607,-0.0013216602126340906,0.011441800711712868,True
11,2015-07-01,cons_conf,0.0009298416336922743,0.0015863197801873,-0.005466222952126041,0.007325906219510589,True
12,2015-08-01,cons_conf,0.0018768531806749803,-4.20108051790713e-06,-0.004433438179750898,0.008187144541100859,True
13,2015-09-01,cons_conf,0.0013137126047521597,-0.0022475875193775,-0.005003653886420312,0.007631079095924632,True
14,2015-10-01,cons_conf,-0.0019926243085111785,0.0009894820166906,-0.008015766193542368,0.004030517576520011,True
15,2015-11-01,cons_conf,0.0006663316283238225,0.0011946174910508,-0.005177577889149042,0.006510241145796687,True
16,2015-12-01,cons_conf,0.0010516074168382206,-0.001075553426856,-0.0047064845053968055,0.006809699339073247,True
17,2016-01-01,cons_conf,-0.0006664140875228522,-0.0004584435630738,-0.006433537461769345,0.00510070928672364,True
18,2016-02-01,cons_conf,-0.0008393666683534514,-0.0013296753235823,-0.006556268883855933,0.00487753554714903,True
19,2016-03-01,cons_conf,-0.0012252103988970565,0.0031347962382444,-0.006942241726901834,0.00449182092910772,True
20,2016-04-01,cons_conf,0.0020099026456344786,0.0038306451612901,-0.003755511545581993,0.0077753168368509505,True
21,2016-05-01,cons_conf,0.002574946582590734,0.0023640958693178,-0.00319222697404678,0.008342120139228248,True
22,2016-06-01,cons_conf,0.0018537607872657954,0.0027759572878272,-0.0038487529819901407,0.0075562745565217315,True
23,2016-07-01,cons_conf,0.0021919254865508087,-0.0005037007434789,-0.003513098590205936,0.007896949563307554,True
24,2016-08-01,cons_conf,-0.0006347659024742027,0.0018492217858316,-0.006341965175696124,0.0050724333707477184,True
25,2016-09-01,cons_conf,0.0034030247166223155,0.0026232097944252,-0.002311073150088513,0.009117122583333144,True
26,2016-10-01,cons_conf,0.002192673816553296,0.0023426874979268,-0.0034457139604579658,0.007831061593564557,True
27,2016-11-01,cons_conf,0.0017069785538988205,0.0011789477167711,-0.0038981514120394545,0.007312108519837096,True
28,2016-12-01,cons_conf,0.0005052470674161975,0.0025245221587761,-0.005098338905678077,0.006108833040510471,True
29,2017-01-01,cons_conf,0.001738856257788602,0.0040430766948156,-0.0038615780457041033,0.007339290561281308,True
30,2017-02-01,cons_conf,0.00340525728965843,0.0015926573570097,-0.0022116487873461476,0.009022163366663009,True
31,2017-03-01,cons_conf,0.0004333563013833061,-0.0004672016261895,-0.005185234162632661,0.006051946765399274,True
32,2017-04-01,cons_conf,0.0009097676646505799,0.0012341528217407,-0.00470563401881753,0.00652516934811869,True
33,2017-05-01,cons_conf,0.0030164027941660208,-0.0007739779600562,-0.0025729833659855197,0.008605788954317562,True
34,2017-06-01,cons_conf,-9.927575348527375e-05,0.0006516286618252,-0.005730283339841689,0.005531731832871142,True
35,2017-07-01,cons_conf,0.0024759722678956222,0.0003276499715354,-0.0031445375180674372,0.008096482053858682,True
36,2017-08-01,cons_conf,0.0014581736381861846,0.0038486261632881,-0.004176442223142412,0.0070927894995147815,True
37,2017-09-01,cons_conf,0.0044431523519971325,0.0051063899209977,-0.0012086498641025803,0.010094954568096845,True
38,2017-10-01,cons_conf,0.0035485334902978114,0.0007750522450138,-0.0020824732046019184,0.009179540185197541,True
39,2017-11-01,cons_conf,0.0006109086271779564,0.0026680074282516,-0.005041639656516373,0.006263456910872286,True
40,2017-12-01,cons_conf,0.002514280935489304,0.0021068892447551,-0.0030686357294357593,0.008097197600414368,True
41,2018-01-01,cons_conf,0.0021511053526758694,0.0042533443635115,-0.003428677972404135,0.007730888677755874,True
42,2018-02-01,cons_conf,0.004050298339605471,0.002692287600609,-0.0015416858746088473,0.00964228255381979,True
43,2018-03-01,cons_conf,0.002562333199501809,0.000192362410782,-0.0030331479518629495,0.008157814350866568,True
44,2018-04-01,cons_conf,0.0005932261339757561,0.0026044066560619,-0.005018399603510529,0.006204851871462041,True
45,2018-05-01,cons_conf,0.0025640471014821394,0.0022579497815982,-0.0030595100109870044,0.008187604213951283,True
46,2018-06-01,cons_conf,0.0018647264435195814,0.0009011451720948,-0.0036825540013057313,0.007412006888344895,True
47,2018-07-01,cons_conf,0.002010948175216934,0.0007808204989283,-0.0034151666724533715,0.00743706302288724,True
48,2018-08-01,cons_conf,0.0008380299833546904,0.0017873207703393,-0.0045904266487798015,0.006266486615489183,True
49,2018-09-01,cons_conf,0.002031965823312025,0.0020622817021174,-0.00330088691219604,0.00736481855882009,True
50,2018-10-01,cons_conf,0.0027319701463955712,0.0023395801444987,-0.0025655117618503245,0.008029452054641468,True
51,2018-11-01,cons_conf,0.0011719310207650032,-0.0007041919199911,-0.0036372260276061456,0.005981088069136152,True
52,2018-12-01,cons_conf,0.0016313031822555919,0.0006848935445813,-0.00243427011063818,0.005696876475149364,True
53,2019-01-01,cons_conf,0.0015804790577535555,-0.0008149798035343,-0.00245434116481237,0.005615299280319481,True
54,2019-02-01,cons_conf,0.0010410400455136174,0.0030012551423219,-0.0028738447092846115,0.004955924800311846,True
55,2019-03-01,cons_conf,0.002283144930291825,0.0037817929172307,-0.0016488073157167444,0.006215097176300394,True
56,2019-04-01,cons_conf,0.0018879057798830735,0.0037596794047436,-0.0020507851750891084,0.0058265967348552555,True
57,2019-05-01,cons_conf,0.002535533229709187,0.0002468332856644,-0.0013487019100572573,0.006419768369475632,True
58,2019-06-01,cons_conf,0.0008700836544818546,-0.000325112810228,-0.003007436054620783,0.004747603363584492,True
59,2019-07-01,cons_conf,0.0012036018539215692,0.0023078761661827,-0.0025286606423517875,0.004935864350194926,True
60,2019-08-01,cons_conf,0.003091949183559725,0.0009147700174354,-0.0006025307219808982,0.006786429089100348,True
61,2019-09-01,cons_conf,0.0008777391165248139,0.0015388460997671,-0.002811842351875711,0.004567320584925339,True
62,2019-10-01,cons_conf,0.0013579582792046302,0.0028272822992627,-0.0023309589407264713,0.005046875499135732,True
63,2019-11-01,cons_conf,0.001829271830601763,0.0028154226050438,-0.0018545975520129735,0.005513141213216499,True
64,2019-12-01,cons_conf,0.0018901582643359922,0.0029122185210892,-0.0017586603254506053,0.00553897685412259,True
65,2020-01-01,cons_conf,0.002183792138551569,0.0019216641534238,-0.001468989950185377,0.005836574227288515,True
66,2020-02-01,cons_conf,0.001817505114891505,0.0004746707213065,-0.0018354972444412836,0.005470507474224294,True
67,2020-03-01,cons_conf,0.0015346139020334696,-0.0045284474445514,-0.0021257672443252907,0.0051949950483922295,False
68,2020-04-01,cons_conf,-0.0028378762401799614,-0.007920147553434,-0.0066484440590812155,0.000972691578721293,False
69,2020-05-01,cons_conf,-0.0026542301443460477,-0.0008983252093487,-0.0065313755126451345,0.001222915223953039,True
70,2020-06-01,cons_conf,0.0031232455490082384,0.0048474992376916,-0.0007472679239428812,0.006993759021959358,True
71,2020-07-01,cons_conf,0.0032423553809113317,0.0050964433827935,-0.0006380248832929115,0.007122735645115575,True
72,2020-08-01,cons_conf,0.0015772752762185814,0.0037313432835821,-0.0023076771049568025,0.005462227657393966,True
73,2020-09-01,cons_conf,0.003957369721659637,0.0026261395363187,5.957971712063689e-05,0.007855159726198636,True
74,2020-10-01,cons_conf,0.003907264639638682,0.0012384758285672,4.939618103862609e-05,0.007765133098238738,True
75,2020-11-01,cons_conf,-0.0011238632942092536,0.0022741328907993,-0.004943890133563281,0.0026961635451447745,True
76,2020-12-01,cons_conf,0.001145023821995147,0.0043463096611489,-0.0027030199395764887,0.004993067583566783,True
77,2021-01-01,cons_conf,0.004323165097860509,0.0022667862390046,0.0004644680033265517,0.008181862192394466,True
78,2021-02-01,cons_conf,-0.0011541665676085698,0.0035562121390957,-0.005020383608980173,0.0027120504737630333,False
79,2021-03-01,cons_conf,0.0029676043485426414,0.004833575517978,-0.000975313508877705,0.006910522205962988,True
80,2021-04-01,cons_conf,0.0037941616850213,0.0067133099487628,-9.498051420684002e-05,0.00768330388424944,True
81,2021-05-01,cons_conf,0.003205372263550001,0.0066722925457103,-0.0006949970667502574,0.007105741593850259,True
82,2021-06-01,cons_conf,0.003565639977461489,0.0085915262067628,-0.0003713914268350443,0.007502671381758023,False
83,2021-07-01,cons_conf,0.005293623239974801,0.004635957297477,0.0012816722091931508,0.009305574270756452,True
84,2021-08-01,cons_conf,0.001273996332303985,0.0028937547110843,-0.002707175084849957,0.005255167749457927,True
85,2021-09-01,cons_conf,0.0036758480749179276,0.0043629377603098,-0.0003142788480479811,0.007665974997883836,True
86,2021-10-01,cons_conf,0.0069936529308677045,0.0094399544429113,0.003017454713029684,0.010969851148705724,True
87,2021-11-01,cons_conf,0.0077094144669716345,0.0083029566626164,0.0037677847914383226,0.011651044142504946,True
88,2021-12-01,cons_conf,0.007476159153208019,0.0071084268212204,0.0035333995186610746,0.011418918787754962,True
89,2022-01-01,cons_conf,0.0066541281450420865,0.0061822040839583,0.0027650626488214627,0.01054319364126271,True
90,2022-02-01,cons_conf,0.005908430351575342,0.0070184255792058,0.0020191557181117887,0.009797704985038895,True
91,2022-03-01,cons_conf,0.00902232938838601,0.0103400404182409,0.0051285336389882375,0.012916125137783781,True
92,2022-04-01,cons_conf,0.01018144941954205,0.0038787060775671,0.006281767963843451,0.014081130875240652,False
93,2022-05-01,cons_conf,0.004469071522019778,0.0094150016286531,0.0004127612967592398,0.008525381747280316,False
94,2022-06-01,cons_conf,0.006966835957398941,0.0129523273337706,0.0028662046757174237,0.011067467239080458,False
95,2022-07-01,cons_conf,0.01319298564206199,-0.0004473484437697,0.008982345742347395,0.017403625541776584,False
96,2022-08-01,cons_conf,0.005281613884934868,0.0007526954634839,0.0005302240827519088,0.010033003687117827,True
97,2022-09-01,cons_conf,0.009464666201154976,0.0042654542251374,0.004718863568550531,0.014210468833759423,False
98,2022-10-01,cons_conf,0.007154552486956987,0.0052560378650634,0.002351550259242938,0.011957554714671036,True
99,2022-11-01,cons_conf,0.004737475595855702,0.0024464811278648,-7.181251627648086e-05,0.009546763707987885,True
100,2022-12-01,cons_conf,-0.00016588936139428061,0.0003347750980888,-0.004920189722553203,0.004588410999764642,True
101,2023-01-01,cons_conf,0.006583187967844604,0.0055152472490698,0.0018310123718401922,0.011335363563849015,True
102,2023-02-01,cons_conf,0.0059987487833941325,0.003394839843438,0.0012472254544840747,0.01075027211230419,True
103,2023-03-01,cons_conf,0.0009691742463620902,0.0005539412755906,-0.003762208757736355,0.005700557250460535,True
104,2023-04-01,cons_conf,0.0032473000817138027,0.0040279403135494,-0.0012985477501862796,0.0077931479136138845,True
105,2023-05-01,cons_conf,0.003892811268817531,0.0015122598709624,-0.0006513916032435708,0.008437014140878633,True
106,2023-06-01,cons_conf,0.001951015612226241,0.0025814661936727,-0.0026074657117795366,0.006509496936232019,True
107,2023-07-01,cons_conf,0.003518584340674306,0.0016968158395787,-0.0010186391894268947,0.008055807870775507,True
108,2023-08-01,cons_conf,0.001327075233594971,0.0049997537875678,-0.003219672792510446,0.005873823259700388,True
109,2023-09-01,cons_conf,0.005290310187974741,0.0040373949003391,0.0007269740485089746,0.009853646327440508,True
110,2023-10-01,cons_conf,-0.0005253880457551322,0.0009076890042749,-0.00508897834667693,0.004038202255166666,True
111,2023-11-01,cons_conf,0.001985047347515739,0.0014106802143973,-0.0025781380079468023,0.006548232702978281,True
112,2023-12-01,cons_conf,0.003827732022060212,0.0021033019893732,-0.0007366436028437792,0.008392107646964204,True
113,2024-01-01,cons_conf,0.0039003094439097087,0.0034301261599751,-0.0006673530162792079,0.008467971904098625,True
114,2024-02-01,cons_conf,0.0035175088016183077,0.0039639244142881,-0.0010479221252125645,0.00808293972844918,True
115,2024-03-01,cons_conf,0.0004901235539006591,0.0034884992058441,-0.004071982829623759,0.005052229937425077,True
116,2024-04-01,cons_conf,0.0006890240557054527,0.002912462713108,-0.0038794190665499884,0.005257467177960894,True
117,2024-05-01,cons_conf,0.0015517031666681174,0.0003961458839163,-0.00302639834928885,0.006129804682625085,True
118,2024-06-01,cons_conf,0.0029881936874472225,-2.8741138149102063e-05,-0.0015923872778345859,0.007568774652729031,True
119,2024-07-01,cons_conf,0.00411057995315256,0.0013891949375819,-0.0004877097225627529,0.008708869628867872,True
120,2024-08-01,cons_conf,0.000646255283069319,0.0018018535172819,-0.003969477362429231,0.0052619879285678685,True
121,2024-09-01,cons_conf,0.002706616591718249,0.0022920373984103,-0.0019005320647843995,0.007313765248220897,True
122,2024-10-01,cons_conf,0.001539512393136695,0.002264563237849,-0.0030666285884139296,0.006145653374687319,True
123,2024-11-01,cons_conf,0.0022800335286050754,0.002804502414724,-0.002313736832754233,0.006873803889964384,True
124,2024-12-01,cons_conf,0.002731922967474648,0.0036467171645351,-0.001829002083883364,0.0072928480188326605,True
125,2025-01-01,cons_conf,0.002648186443556603,0.0046693513600313,-0.0018835444003118531,0.0071799172874250595,True
126,2025-02-01,cons_conf,0.003766932693278076,0.0021592924791433,-0.0006566130104717098,0.008190478397027863,True
127,2014-08-01,gdp_pct_change,0.0014690347152706347,-0.0001600013473797,-0.004495614581524709,0.007433684012065978,True
128,2014-09-01,gdp_pct_change,0.0028431410478383314,7.159100480080838e-05,-0.003125228946874123,0.008811511042550785,True
129,2014-10-01,gdp_pct_change,-0.0006861878215391557,-0.0001979139032411,-0.006673895550515678,0.005301519907437367,True
130,2014-11-01,gdp_pct_change,-0.0007121123399045353,-0.0018826601524659,-0.006679088013293482,0.005254863333484412,True
131,2014-12-01,gdp_pct_change,-0.002719319639261134,-0.0030846094445592,-0.008689897605848797,0.003251258327326528,True
132,2015-01-01,gdp_pct_change,0.001136785187917305,-0.0063703164417655,-0.004787232033870497,0.007060802409705108,False
133,2015-02-01,gdp_pct_change,-0.002711001091331133,0.0025346436802173,-0.008787854789499755,0.00336585260683749,True
134,2015-03-01,gdp_pct_change,0.002596800586008064,0.0026939517808124,-0.003534983167147547,0.008728584339163674,True
135,2015-04-01,gdp_pct_change,0.0031401226594720073,0.0010424788961589,-0.0029899764624733136,0.009270221781417329,True
136,2015-05-01,gdp_pct_change,-0.0020025073787291823,0.0032977453412468,-0.008143833341230568,0.004138818583772203,True
137,2015-06-01,gdp_pct_change,0.005426020810053009,0.0027679208104607,-0.0007783537093100151,0.011630395329416034,True
138,2015-07-01,gdp_pct_change,-0.0007277677502417236,0.0015863197801873,-0.006952596492849471,0.005497060992366024,True
139,2015-08-01,gdp_pct_change,-0.0010661411862060296,-4.20108051790713e-06,-0.007215910382812509,0.00508362801040045,True
140,2015-09-01,gdp_pct_change,0.0012862381543814285,-0.0022475875193775,-0.004865482312724377,0.007437958621487233,True
141,2015-10-01,gdp_pct_change,-0.0032077237216411344,0.0009894820166906,-0.009030198994114391,0.002614751550832122,True
142,2015-11-01,gdp_pct_change,0.0007726227032422341,0.0011946174910508,-0.004867451991853967,0.006412697398338435,True
143,2015-12-01,gdp_pct_change,-0.000208653372223339,-0.001075553426856,-0.005794686789925459,0.0053773800454787815,True
144,2016-01-01,gdp_pct_change,-0.0003170625309622569,-0.0004584435630738,-0.005901928040583354,0.005267802978658841,True
145,2016-02-01,gdp_pct_change,0.00016832762767750303,-0.0013296753235823,-0.005396957886181169,0.005733613141536175,True
146,2016-03-01,gdp_pct_change,-0.0004173348890877905,0.0031347962382444,-0.0059321837022788745,0.005097513924103294,True
147,2016-04-01,gdp_pct_change,0.0011883403448874092,0.0038306451612901,-0.004354689359949715,0.006731370049724533,True
148,2016-05-01,gdp_pct_change,0.0033548434478990253,0.0023640958693178,-0.0022037168008686337,0.008913403696666685,True
149,2016-06-01,gdp_pct_change,0.002139333337182064,0.0027759572878272,-0.0034155541699560222,0.00769422084432015,True
150,2016-07-01,gdp_pct_change,0.0014299435784681422,-0.0005037007434789,-0.004123504452836364,0.0069833916097726476,True
151,2016-08-01,gdp_pct_change,4.3940461510986236e-05,0.0018492217858316,-0.005485194828059857,0.005573075751081829,True
152,2016-09-01,gdp_pct_change,0.001808934572264807,0.0026232097944252,-0.0037313097567434005,0.007349178901273014,True
153,2016-10-01,gdp_pct_change,0.0015986309668520892,0.0023426874979268,-0.003795914668499336,0.006993176602203514,True
154,2016-11-01,gdp_pct_change,0.002114938410759694,0.0011789477167711,-0.0032150647455038957,0.007444941567023283,True
155,2016-12-01,gdp_pct_change,0.00046053272388686564,0.0025245221587761,-0.004872378100431255,0.005793443548204986,True
156,2017-01-01,gdp_pct_change,0.002728685964134642,0.0040430766948156,-0.002608752842242545,0.008066124770511829,True
157,2017-02-01,gdp_pct_change,0.00284852089957557,0.0015926573570097,-0.0024869814430257034,0.008184023242176843,True
158,2017-03-01,gdp_pct_change,0.0005587683804942861,-0.0004672016261895,-0.004727904268689027,0.0058454410296776005,True
159,2017-04-01,gdp_pct_change,0.0008406272478295447,0.0012341528217407,-0.004426203607094602,0.006107458102753692,True
160,2017-05-01,gdp_pct_change,0.0011248566497890212,-0.0007739779600562,-0.004140851483810977,0.006390564783389018,True
161,2017-06-01,gdp_pct_change,0.0002472895138855523,0.0006516286618252,-0.00502103916953424,0.005515618197305345,True
162,2017-07-01,gdp_pct_change,0.0015754872320929542,0.0003276499715354,-0.0036933682842337193,0.006844342748419628,True
163,2017-08-01,gdp_pct_change,0.0017532738769392106,0.0038486261632881,-0.0035154746555282356,0.007022022409406657,True
164,2017-09-01,gdp_pct_change,0.003304356218080983,0.0051063899209977,-0.0019460717146179787,0.008554784150779945,True
165,2017-10-01,gdp_pct_change,0.0032269255705522156,0.0007750522450138,-0.002003127267977528,0.00845697840908196,True
166,2017-11-01,gdp_pct_change,0.0015794295983588896,0.0026680074282516,-0.003672935640441433,0.006831794837159212,True
167,2017-12-01,gdp_pct_change,0.0028686740286846544,0.0021068892447551,-0.002227389556388461,0.00796473761375777,True
168,2018-01-01,gdp_pct_change,0.0017769649484751673,0.0042533443635115,-0.0033040773945004036,0.006858007291450738,True
169,2018-02-01,gdp_pct_change,0.003134529370441024,0.002692287600609,-0.0019520838494560318,0.00822114259033808,True
170,2018-03-01,gdp_pct_change,0.0012321902714587819,0.000192362410782,-0.003817738431986288,0.006282118974903852,True
171,2018-04-01,gdp_pct_change,0.0012068979514523093,0.0026044066560619,-0.003842823344940121,0.00625661924784474,True
172,2018-05-01,gdp_pct_change,0.002583395867275777,0.0022579497815982,-0.0024696527644216502,0.007636444498973204,True
173,2018-06-01,gdp_pct_change,0.0011552456593969807,0.0009011451720948,-0.003885716510460719,0.00619620782925468,True
174,2018-07-01,gdp_pct_change,0.0014949774841419637,0.0007808204989283,-0.0034153744172911236,0.006405329385575051,True
175,2018-08-01,gdp_pct_change,-0.00046131814046912283,0.0017873207703393,-0.005370563059631722,0.0044479267786934765,True
176,2018-09-01,gdp_pct_change,0.0033553872046411435,0.0020622817021174,-0.0014807621532922856,0.008191536562574573,True
177,2018-10-01,gdp_pct_change,0.0017849467164379636,0.0023395801444987,-0.00305714469301878,0.006627038125894707,True
178,2018-11-01,gdp_pct_change,-0.000809267081694166,-0.0007041919199911,-0.005052285896008329,0.0034337517326199973,True
179,2018-12-01,gdp_pct_change,0.0013344104515364582,0.0006848935445813,-0.002343564176291618,0.005012385079364534,True
180,2019-01-01,gdp_pct_change,0.0019776110483524303,-0.0008149798035343,-0.001671800422001797,0.005627022518706658,True
181,2019-02-01,gdp_pct_change,0.001567891655911296,0.0030012551423219,-0.002051876236861562,0.005187659548684154,True
182,2019-03-01,gdp_pct_change,0.0015024003494410237,0.0037817929172307,-0.002122383510230164,0.005127184209112212,True
183,2019-04-01,gdp_pct_change,0.0021727560598387196,0.0037596794047436,-0.0014540620243462367,0.005799574144023676,True
184,2019-05-01,gdp_pct_change,0.002898256475806777,0.0002468332856644,-0.0007026913475766216,0.006499204299190176,True
185,2019-06-01,gdp_pct_change,0.0008895802614387043,-0.000325112810228,-0.0026993777602742014,0.00447853828315161,True
186,2019-07-01,gdp_pct_change,0.0008734592461838338,0.0023078761661827,-0.0026577780602122588,0.004404696552579926,True
187,2019-08-01,gdp_pct_change,0.002216646300168182,0.0009147700174354,-0.0011950719445642122,0.005628364544900576,True
188,2019-09-01,gdp_pct_change,-0.00022484643928307162,0.0015388460997671,-0.0036451968643631573,0.003195503985797014,True
189,2019-10-01,gdp_pct_change,0.0004846330484542436,0.0028272822992627,-0.0029520544231904527,0.00392132052009894,True
190,2019-11-01,gdp_pct_change,0.0016275088293411764,0.0028154226050438,-0.0018367834513202837,0.005091801110002636,True
191,2019-12-01,gdp_pct_change,0.0020677182818893925,0.0029122185210892,-0.0013989780307721456,0.005534414594550931,True
192,2020-01-01,gdp_pct_change,0.0015441108723421618,0.0019216641534238,-0.0019199228401431932,0.005008144584827517,True
193,2020-02-01,gdp_pct_change,0.0017855563137152651,0.0004746707213065,-0.0016785087831818052,0.005249621410612335,True
194,2020-03-01,gdp_pct_change,0.004273692691031792,-0.0045284474445514,0.0008041769079075219,0.007743208474156061,False
195,2020-04-01,gdp_pct_change,-0.002029220319633998,-0.007920147553434,-0.005747491600631503,0.0016890509613635067,False
196,2020-05-01,gdp_pct_change,-0.001953982773102789,-0.0008983252093487,-0.0057302166806892695,0.001822251134483691,True
197,2020-06-01,gdp_pct_change,-0.00249331077889749,0.0048474992376916,-0.006270068644935664,0.001283447087140685,False
198,2020-07-01,gdp_pct_change,-0.006628012699401877,0.0050964433827935,-0.010437729531755199,-0.0028182958670485555,False
199,2020-08-01,gdp_pct_change,0.018391244171459376,0.0037313432835821,0.014499411586302208,0.022283076756616543,False
200,2020-09-01,gdp_pct_change,0.003102083180596748,0.0026261395363187,-0.000853321202237009,0.007057487563430505,True
201,2020-10-01,gdp_pct_change,0.012398252067122601,0.0012384758285672,0.00846215829757481,0.016334345836670393,False
202,2020-11-01,gdp_pct_change,-0.00221331104769966,0.0022741328907993,-0.006145768548310105,0.0017191464529107848,False
203,2020-12-01,gdp_pct_change,0.0031614861638806294,0.0043463096611489,-0.0007737209364548558,0.0070966932642161145,True
204,2021-01-01,gdp_pct_change,0.010704488205981706,0.0022667862390046,0.006815121325231777,0.014593855086731635,False
205,2021-02-01,gdp_pct_change,-0.010457103074357349,0.0035562121390957,-0.014360856649962273,-0.006553349498752425,False
206,2021-03-01,gdp_pct_change,-0.008950461758768881,0.004833575517978,-0.01291975293724219,-0.004981170580295572,False
207,2021-04-01,gdp_pct_change,0.005341093435850602,0.0067133099487628,0.0013732367573527178,0.009308950114348485,True
208,2021-05-01,gdp_pct_change,0.011549769153345091,0.0066722925457103,0.007595251307921467,0.015504286998768716,False
209,2021-06-01,gdp_pct_change,0.0025659281607599647,0.0085915262067628,-0.001388305979433217,0.0065201623009531464,False
210,2021-07-01,gdp_pct_change,0.010407413803628716,0.004635957297477,0.006448370823734371,0.014366456783523062,False
211,2021-08-01,gdp_pct_change,-0.013580770881166368,0.0028937547110843,-0.017504734745582347,-0.00965680701675039,False
212,2021-09-01,gdp_pct_change,-0.006004157738950835,0.0043629377603098,-0.009998317415857692,-0.0020099980620439783,False
213,2021-10-01,gdp_pct_change,0.003756335802415536,0.0094399544429113,-0.0004452042481194285,0.0079578758529505,False
214,2021-11-01,gdp_pct_change,0.008099371354866781,0.0083029566626164,0.003830862604354327,0.012367880105379234,True
215,2021-12-01,gdp_pct_change,0.005920696780315167,0.0071084268212204,0.0016521017292403526,0.01018929183138998,True
216,2022-01-01,gdp_pct_change,0.005641840909677536,0.0061822040839583,0.0013883860947439888,0.009895295724611083,True
217,2022-02-01,gdp_pct_change,0.005912663625968533,0.0070184255792058,0.0016605260178847543,0.010164801234052313,True
218,2022-03-01,gdp_pct_change,0.007114894585458551,0.0103400404182409,0.0028610307129435485,0.011368758457973553,True
219,2022-04-01,gdp_pct_change,0.009036780030044178,0.0038787060775671,0.0047421141335292905,0.013331445926559066,False
220,2022-05-01,gdp_pct_change,0.003679820743035737,0.0094150016286531,-0.0007219220747379886,0.008081563560809463,False
221,2022-06-01,gdp_pct_change,0.0077929525171300095,0.0129523273337706,0.0033341379425318226,0.012251767091728196,False
222,2022-07-01,gdp_pct_change,0.012205663625941759,-0.0004473484437697,0.007662091451477738,0.016749235800405778,False
223,2022-08-01,gdp_pct_change,0.0025391828895164575,0.0007526954634839,-0.0025108179444365774,0.007589183723469492,True
224,2022-09-01,gdp_pct_change,0.0070598961509810145,0.0042654542251374,0.002081649496100518,0.012038142805861511,True
225,2022-10-01,gdp_pct_change,0.0071451439428414495,0.0052560378650634,0.002147923974970458,0.012142363910712441,True
226,2022-11-01,gdp_pct_change,0.006122195685364043,0.0024464811278648,0.0011213239152620914,0.011123067455465995,True
227,2022-12-01,gdp_pct_change,0.0007704564587134759,0.0003347750980888,-0.004181900041727988,0.00572281295915494,True
228,2023-01-01,gdp_pct_change,0.006894769393465887,0.0055152472490698,0.0019429336428375714,0.011846605144094201,True
229,2023-02-01,gdp_pct_change,0.005876677566616191,0.003394839843438,0.0009203724193570986,0.010832982713875283,True
230,2023-03-01,gdp_pct_change,0.0017450782804959224,0.0005539412755906,-0.003167790387239437,0.006657946948231281,True
231,2023-04-01,gdp_pct_change,0.004527154454169091,0.0040279403135494,-0.00023123966458707835,0.00928554857292526,True
232,2023-05-01,gdp_pct_change,0.004271937820356765,0.0015122598709624,-0.00048670424107840216,0.009030579881791932,True
233,2023-06-01,gdp_pct_change,0.0010565507063634032,0.0025814661936727,-0.00371835871205216,0.005831460124778967,True
234,2023-07-01,gdp_pct_change,0.0027290998695788885,0.0016968158395787,-0.0020392196258834754,0.007497419365041252,True
235,2023-08-01,gdp_pct_change,0.0024562486640428826,0.0049997537875678,-0.0023136530103550473,0.0072261503384408125,True
236,2023-09-01,gdp_pct_change,0.007003263173083103,0.0040373949003391,0.002236010017655764,0.011770516328510443,True
237,2023-10-01,gdp_pct_change,0.0003622098023872886,0.0009076890042749,-0.004408378208594216,0.005132797813368794,True
238,2023-11-01,gdp_pct_change,0.0028145531823467597,0.0014106802143973,-0.001953063667517792,0.007582170032211311,True
239,2023-12-01,gdp_pct_change,0.0025774197316480504,0.0021033019893732,-0.00219601316309283,0.007350852626388931,True
240,2024-01-01,gdp_pct_change,0.0021939096059646924,0.0034301261599751,-0.0025801258087449243,0.006967945020674309,True
241,2024-02-01,gdp_pct_change,0.0027478669342062964,0.0039639244142881,-0.002031661985038012,0.0075273958534506046,True
242,2024-03-01,gdp_pct_change,0.002902945896545886,0.0034884992058441,-0.0018818650081329786,0.00768775680122475,True
243,2024-04-01,gdp_pct_change,0.004010407942636239,0.002912462713108,-0.0007744559601034961,0.008795271845375974,True
244,2024-05-01,gdp_pct_change,0.0022707644435792833,0.0003961458839163,-0.002515489546220947,0.007057018433379514,True
245,2024-06-01,gdp_pct_change,0.0015024426643526615,-2.8741138149102063e-05,-0.003297938268892095,0.0063028235975974185,True
246,2024-07-01,gdp_pct_change,0.0019959840324565332,0.0013891949375819,-0.0028119644188635213,0.006803932483776588,True
247,2024-08-01,gdp_pct_change,0.0015934637936122588,0.0018018535172819,-0.003215915504494086,0.006402843091718604,True
248,2024-09-01,gdp_pct_change,0.0017394808359765784,0.0022920373984103,-0.0030565229438407815,0.006535484615793939,True
249,2024-10-01,gdp_pct_change,0.0021271647269595555,0.002264563237849,-0.002669468263535118,0.006923797717454229,True
250,2024-11-01,gdp_pct_change,0.0025958236602202016,0.002804502414724,-0.002192325508889571,0.0073839728293299736,True
251,2024-12-01,gdp_pct_change,0.00270857609894438,0.0036467171645351,-0.002049648108511976,0.0074668003064007355,True
252,2025-01-01,gdp_pct_change,0.0024606338878782755,0.0046693513600313,-0.0022752792662853556,0.007196547042041907,True
253,2025-02-01,gdp_pct_change,0.003693292006963501,0.0021592924791433,-0.0009197877014656825,0.008306371715392684,True
254,2014-08-01,int_3m,0.0006482885977821468,-0.0001600013473797,-0.005419448433082306,0.0067160256286466,True
255,2014-09-01,int_3m,0.0009501993712114618,7.159100480080838e-05,-0.0051148715871565855,0.00701527032957951,True
256,2014-10-01,int_3m,0.0010570726240139987,-0.0001979139032411,-0.004987948811876456,0.007102094059904453,True
257,2014-11-01,int_3m,0.0006587133510103035,-0.0018826601524659,-0.005378389576405541,0.006695816278426148,True
258,2014-12-01,int_3m,-0.0013463951620179995,-0.0030846094445592,-0.007398879140106467,0.004706088816070469,True
259,2015-01-01,int_3m,-0.0017825182469238918,-0.0063703164417655,-0.007816835209757726,0.004251798715909942,True
260,2015-02-01,int_3m,-0.003689806916017093,0.0025346436802173,-0.009786954730456446,0.0024073408984222606,False
261,2015-03-01,int_3m,0.0023527484188506113,0.0026939517808124,-0.003804243698053651,0.008509740535754873,True
262,2015-04-01,int_3m,0.001891112780362381,0.0010424788961589,-0.004265855265339398,0.00804808082606416,True
263,2015-05-01,int_3m,-0.0006648273985894275,0.0032977453412468,-0.006822154512148464,0.005492499714969608,True
264,2015-06-01,int_3m,0.0035490931122274753,0.0027679208104607,-0.0026400206755391366,0.009738206899994087,True
265,2015-07-01,int_3m,0.0010458805186194047,0.0015863197801873,-0.005143626781666112,0.007235387818904921,True
266,2015-08-01,int_3m,0.0007197365811962196,-4.20108051790713e-06,-0.00535556964102308,0.00679504280341552,True
267,2015-09-01,int_3m,0.000654251320927791,-0.0022475875193775,-0.005418693699680935,0.006727196341536517,True
268,2015-10-01,int_3m,-0.0022514498024956025,0.0009894820166906,-0.007978768119529571,0.0034758685145383655,True
269,2015-11-01,int_3m,0.0008675540653046444,0.0011946174910508,-0.004727903895137057,0.006463012025746345,True
270,2015-12-01,int_3m,0.0001862187307501244,-0.001075553426856,-0.005356266548563709,0.005728704010063959,True
271,2016-01-01,int_3m,-0.00047604631734606245,-0.0004584435630738,-0.005980296306421706,0.005028203671729581,True
272,2016-02-01,int_3m,-0.0011085752684754165,-0.0013296753235823,-0.006582430116177622,0.004365279579226788,True
273,2016-03-01,int_3m,-0.0010211420734115941,0.0031347962382444,-0.006486222870271514,0.004443938723448325,True
274,2016-04-01,int_3m,0.0010238232646801637,0.0038306451612901,-0.00446674489318538,0.006514391422545708,True
275,2016-05-01,int_3m,0.002541782338704785,0.0023640958693178,-0.002898878554765532,0.0079824432321751,True
276,2016-06-01,int_3m,0.0015257167588131676,0.0027759572878272,-0.003894912336805982,0.006946345854432317,True
277,2016-07-01,int_3m,0.0021210554709375357,-0.0005037007434789,-0.0032956894744782007,0.007537800416353272,True
278,2016-08-01,int_3m,-0.0002912048666199763,0.0018492217858316,-0.005645060455693489,0.005062650722453537,True
279,2016-09-01,int_3m,0.0015919298851907273,0.0026232097944252,-0.003776265493276939,0.006960125263658393,True
280,2016-10-01,int_3m,0.0015520744109617773,0.0023426874979268,-0.003730808157824973,0.006834956979748528,True
281,2016-11-01,int_3m,0.0015087171794696884,0.0011789477167711,-0.0037663682377111576,0.006783802596650535,True
282,2016-12-01,int_3m,0.0011547169886975388,0.0025245221587761,-0.004106143580776509,0.006415577558171587,True
283,2017-01-01,int_3m,0.0012831079105735442,0.0040430766948156,-0.003948067370999492,0.00651428319214658,True
284,2017-02-01,int_3m,0.003579297583648983,0.0015926573570097,-0.0016775189316135765,0.008836114098911541,True
285,2017-03-01,int_3m,0.0005772202140154929,-0.0004672016261895,-0.004649309683037923,0.005803750111068908,True
286,2017-04-01,int_3m,-0.0005892707733712681,0.0012341528217407,-0.005788509351397731,0.0046099678046551944,True
287,2017-05-01,int_3m,0.0010016874863108764,-0.0007739779600562,-0.004204959450869984,0.006208334423491737,True
288,2017-06-01,int_3m,-0.0006398195845442677,0.0006516286618252,-0.005803733820541772,0.004524094651453236,True
289,2017-07-01,int_3m,0.00036481519640748435,0.0003276499715354,-0.0048020478164024355,0.005531678209217404,True
290,2017-08-01,int_3m,2.342851681237662e-05,0.0038486261632881,-0.005139626793012534,0.005186483826637287,True
291,2017-09-01,int_3m,0.0026336833608830413,0.0051063899209977,-0.0025766580482236797,0.007844024769989763,True
292,2017-10-01,int_3m,0.0029398840639512443,0.0007750522450138,-0.0021675465664819193,0.008047314694384407,True
293,2017-11-01,int_3m,0.0002497295356942191,0.0026680074282516,-0.0048562140895517586,0.005355673160940196,True
294,2017-12-01,int_3m,0.0016272226881629106,0.0021068892447551,-0.0033495023787326614,0.0066039477550584825,True
295,2018-01-01,int_3m,0.00018654329073492415,0.0042533443635115,-0.004777441060802899,0.0051505276422727465,True
296,2018-02-01,int_3m,0.00041890890270178784,0.002692287600609,-0.004512364163578074,0.005350181968981651,True
297,2018-03-01,int_3m,-7.900830912128129e-05,0.000192362410782,-0.0050198066722843375,0.004861790054041774,True
298,2018-04-01,int_3m,-0.00258443838547717,0.0026044066560619,-0.007464748579882998,0.002295871808928658,False
299,2018-05-01,int_3m,2.197797782070663e-06,0.0022579497815982,-0.004955384736658486,0.004959780332222627,True
300,2018-06-01,int_3m,0.0006461598716669739,0.0009011451720948,-0.004224290019482113,0.005516609762816062,True
301,2018-07-01,int_3m,0.00029309040420008234,0.0007808204989283,-0.0043261805468745775,0.004912361355274742,True
302,2018-08-01,int_3m,-0.0014447106618679759,0.0017873207703393,-0.0060535909313952346,0.0031641696076592824,True
303,2018-09-01,int_3m,0.0004001117579935619,0.0020622817021174,-0.004124337523086311,0.004924561039073435,True
304,2018-10-01,int_3m,0.0004092007564576402,0.0023395801444987,-0.004107103705726598,0.004925505218641877,True
305,2018-11-01,int_3m,0.00018273531449284697,-0.0007041919199911,-0.004118388760303222,0.004483859389288915,True
306,2018-12-01,int_3m,0.0017699917046355134,0.0006848935445813,-0.002124527927353844,0.005664511336624871,True
307,2019-01-01,int_3m,0.0009430658603108643,-0.0008149798035343,-0.0029550609742993415,0.004841192694921071,True
308,2019-02-01,int_3m,0.0006415751883369605,0.0030012551423219,-0.0032187585185480955,0.004501908895222017,True
309,2019-03-01,int_3m,0.00274786930044009,0.0037817929172307,-0.0010309811412748736,0.006526719742155053,True
310,2019-04-01,int_3m,0.0037855034475084547,0.0037596794047436,3.73470407499972e-05,0.007533659854266912,True
311,2019-05-01,int_3m,0.002426400274222796,0.0002468332856644,-0.0012853106789408476,0.0061381112273864395,True
312,2019-06-01,int_3m,-0.00025611613755208173,-0.000325112810228,-0.003978745865299201,0.003466513590195037,True
313,2019-07-01,int_3m,0.0013562725161159993,0.0023078761661827,-0.002311550249333145,0.005024095281565144,True
314,2019-08-01,int_3m,0.00336748229617069,0.0009147700174354,-0.00023819547532528268,0.006973160067666663,True
315,2019-09-01,int_3m,0.001111733031514424,0.0015388460997671,-0.002486153407032392,0.00470961947006124,True
316,2019-10-01,int_3m,-0.0007200148512385785,0.0028272822992627,-0.00430045681975461,0.002860427117277453,True
317,2019-11-01,int_3m,0.002437150416823951,0.0028154226050438,-0.0011889415479544542,0.006063242381602356,True
318,2019-12-01,int_3m,0.001360030952686104,0.0029122185210892,-0.0022468218452846725,0.0049668837506568805,True
319,2020-01-01,int_3m,0.002317435524131997,0.0019216641534238,-0.001298245013614746,0.00593311606187874,True
320,2020-02-01,int_3m,0.0012459501781529206,0.0004746707213065,-0.0023697974034639453,0.004861697759769787,True
321,2020-03-01,int_3m,0.0015778348011989054,-0.0045284474445514,-0.002036861395096178,0.005192530997493988,False
322,2020-04-01,int_3m,-0.0014817074980429433,-0.007920147553434,-0.00525398311864175,0.0022905681225558637,False
323,2020-05-01,int_3m,-0.0038330474125704284,-0.0008983252093487,-0.0077385066382475946,7.241181310673828e-05,True
324,2020-06-01,int_3m,-0.00013085091433562724,0.0048474992376916,-0.004055132843137248,0.0037934310144659934,False
325,2020-07-01,int_3m,0.002712026870122338,0.0050964433827935,-0.0012369138821964488,0.006660967622441125,True
326,2020-08-01,int_3m,0.0013320697586761054,0.0037313432835821,-0.0026211227863650894,0.0052852623037173,True
327,2020-09-01,int_3m,-0.005218109022061148,0.0026261395363187,-0.009176853378790373,-0.0012593646653319248,False
328,2020-10-01,int_3m,0.003179441635678064,0.0012384758285672,-0.0008252920460640857,0.0071841753174202135,True
329,2020-11-01,int_3m,0.0004782732244991575,0.0022741328907993,-0.0034899174142244043,0.004446463863222719,True
330,2020-12-01,int_3m,0.001263329006171329,0.0043463096611489,-0.002715068391124279,0.0052417264034669364,True
331,2021-01-01,int_3m,0.0034996880970309375,0.0022667862390046,-0.0004886208699509645,0.00748799706401284,True
332,2021-02-01,int_3m,-4.9819468460489576e-05,0.0035562121390957,-0.004038750550409242,0.003939111613488263,True
333,2021-03-01,int_3m,0.002927624368112145,0.004833575517978,-0.001108168753662187,0.006963417489886477,True
334,2021-04-01,int_3m,0.004525580216271246,0.0067133099487628,0.0005311734902609987,0.008519986942281493,True
335,2021-05-01,int_3m,0.004132744922000458,0.0066722925457103,0.00012676925603703846,0.008138720587963878,True
336,2021-06-01,int_3m,0.0036914366096109977,0.0085915262067628,-0.0003373744882809557,0.007720247707502952,False
337,2021-07-01,int_3m,0.0052115379929726525,0.004635957297477,0.0011333660488633823,0.009289709937081923,True
338,2021-08-01,int_3m,0.0026281886648334037,0.0028937547110843,-0.0014378751930399902,0.0066942525227067975,True
339,2021-09-01,int_3m,0.0031672075642772603,0.0043629377603098,-0.0008963585688407964,0.007230773697395317,True
340,2021-10-01,int_3m,0.006139283922401196,0.0094399544429113,0.0020712398163540017,0.010207328028448391,True
341,2021-11-01,int_3m,0.008237839388369016,0.0083029566626164,0.004134427494372314,0.012341251282365719,True
342,2021-12-01,int_3m,0.006406212289605468,0.0071084268212204,0.002302802402906679,0.010509622176304256,True
343,2022-01-01,int_3m,0.006017969876306565,0.0061822040839583,0.001930575591833245,0.010105364160779885,True
344,2022-02-01,int_3m,0.006210628870120881,0.0070184255792058,0.0021264301361537136,0.010294827604088048,True
345,2022-03-01,int_3m,0.007142286058915867,0.0103400404182409,0.0030575596267986846,0.011227012491033049,True
346,2022-04-01,int_3m,0.008504288017544413,0.0038787060775671,0.004378638341713545,0.01262993769337528,False
347,2022-05-01,int_3m,0.003188965561584212,0.0094150016286531,-0.0010181138060201644,0.007396044929188588,False
348,2022-06-01,int_3m,0.0065521691777064356,0.0129523273337706,0.002266813939206587,0.010837524416206284,False
349,2022-07-01,int_3m,0.01094621523377517,-0.0004473484437697,0.0065367871109643285,0.015355643356586011,False
350,2022-08-01,int_3m,0.00020108753645460792,0.0007526954634839,-0.004550431914743472,0.004952606987652688,True
351,2022-09-01,int_3m,0.004726092902057385,0.0042654542251374,5.2773752431021885e-05,0.009399412051683747,True
352,2022-10-01,int_3m,0.00432651983096276,0.0052560378650634,-0.00034602261983855947,0.00899906228176408,True
353,2022-11-01,int_3m,0.002939726961059784,0.0024464811278648,-0.0017332150723792317,0.0076126689944988,True
354,2022-12-01,int_3m,-0.00214375502410056,0.0003347750980888,-0.0067234115097898305,0.0024359014615887107,True
355,2023-01-01,int_3m,0.0044254880280293705,0.0055152472490698,-0.00016589856846146393,0.009016874624520204,True
356,2023-02-01,int_3m,0.005070522154466172,0.003394839843438,0.0004777453463729346,0.009663298962559408,True
357,2023-03-01,int_3m,0.0006497583656888319,0.0005539412755906,-0.003906769150130079,0.005206285881507743,True
358,2023-04-01,int_3m,0.002880181189807086,0.0040279403135494,-0.0015032332325456634,0.007263595612159836,True
359,2023-05-01,int_3m,0.0018693102545733592,0.0015122598709624,-0.0025097055933210916,0.0062483261024678105,True
360,2023-06-01,int_3m,0.00011445060597921439,0.0025814661936727,-0.004259446390269664,0.004488347602228092,True
361,2023-07-01,int_3m,0.0009846782609850369,0.0016968158395787,-0.0033983237653367367,0.00536768028730681,True
362,2023-08-01,int_3m,0.0009236718204821354,0.0049997537875678,-0.0034522821912142364,0.005299625832178507,True
363,2023-09-01,int_3m,0.006175896117691293,0.0040373949003391,0.0017569509833513597,0.010594841252031226,True
364,2023-10-01,int_3m,-0.0006224064519212607,0.0009076890042749,-0.005030155465972112,0.003785342562129591,True
365,2023-11-01,int_3m,0.0018193535296315076,0.0014106802143973,-0.0025927926053206066,0.006231499664583622,True
366,2023-12-01,int_3m,0.0018908284077658042,0.0021033019893732,-0.002521460992564722,0.006303117808096331,True
367,2024-01-01,int_3m,0.0015920657068336597,0.0034301261599751,-0.00281837182566763,0.006002503239334949,True
368,2024-02-01,int_3m,0.002534197983090929,0.0039639244142881,-0.001887823181278967,0.006956219147460825,True
369,2024-03-01,int_3m,0.0023331616718964806,0.0034884992058441,-0.0020961275907714254,0.0067624509345643865,True
370,2024-04-01,int_3m,0.0032393446696346922,0.002912462713108,-0.0011941910013792039,0.007672880340648588,True
371,2024-05-01,int_3m,0.0016356808832757642,0.0003961458839163,-0.00279624708274274,0.006067608849294269,True
372,2024-06-01,int_3m,0.000558936999862637,-2.8741138149102063e-05,-0.0038748384517900635,0.004992712451515337,True
373,2024-07-01,int_3m,0.0018123397379816127,0.0013891949375819,-0.002619433911177722,0.006244113387140948,True
374,2024-08-01,int_3m,0.0008694677222462132,0.0018018535172819,-0.003562745421552063,0.005301680866044489,True
375,2024-09-01,int_3m,0.0017742838509766758,0.0022920373984103,-0.0026459700362236665,0.006194537738177019,True
376,2024-10-01,int_3m,0.0025020149531833047,0.002264563237849,-0.001915231969812694,0.006919261876179304,True
377,2024-11-01,int_3m,0.0030964065131502535,0.002804502414724,-0.0013011465380099235,0.0074939595643104305,True
378,2024-12-01,int_3m,0.0027319437141274366,0.0036467171645351,-0.001612836434792991,0.007076723863047864,True
379,2025-01-01,int_3m,0.00196867739944715,0.0046693513600313,-0.002328508658191508,0.006265863457085808,True
380,2025-02-01,int_3m,0.0032461766618875807,0.0021592924791433,-0.0009030145636498232,0.007395367887424984,True
381,2014-08-01,ppi_diff,0.00035096419714856846,-0.0001600013473797,-0.005053959040189747,0.005755887434486884,True
382,2014-09-01,ppi_diff,0.00047406888581399953,7.159100480080838e-05,-0.004922717242426903,0.0058708550140549026,True
383,2014-10-01,ppi_diff,0.0004067803714536731,-0.0001979139032411,-0.004978707983338649,0.005792268726245995,True
384,2014-11-01,ppi_diff,0.00127524764247221,-0.0018826601524659,-0.004101748110950616,0.006652243395895037,True
385,2014-12-01,ppi_diff,-0.002064733135335876,-0.0030846094445592,-0.007446836968392371,0.0033173706977206183,True
386,2015-01-01,ppi_diff,-0.0025587071173215925,-0.0063703164417655,-0.00788797445147215,0.002770560216828965,True
387,2015-02-01,ppi_diff,-0.004043467885334112,0.0025346436802173,-0.009422995927519417,0.0013360601568511935,False
388,2015-03-01,ppi_diff,0.0017993273944689225,0.0026939517808124,-0.0036274913869000407,0.007226146175837886,True
389,2015-04-01,ppi_diff,0.002136273884325744,0.0010424788961589,-0.003290305451543409,0.007562853220194897,True
390,2015-05-01,ppi_diff,0.0013692991832245408,0.0032977453412468,-0.004054608117477275,0.006793206483926356,True
391,2015-06-01,ppi_diff,0.005376448699921249,0.0027679208104607,-4.1911601005497484e-05,0.010794809000847996,True
392,2015-07-01,ppi_diff,0.0012750124478674422,0.0015863197801873,-0.004165660018814844,0.006715684914549727,True
393,2015-08-01,ppi_diff,0.001847238583426922,-4.20108051790713e-06,-0.003487612684736852,0.007182089851590696,True
394,2015-09-01,ppi_diff,-0.0009926706242128812,-0.0022475875193775,-0.006327207694187443,0.004341866445761681,True
395,2015-10-01,ppi_diff,-0.0021597123240698684,0.0009894820166906,-0.0071888823155639246,0.0028694576674241877,True
396,2015-11-01,ppi_diff,0.0015577131690630427,0.0011946174910508,-0.0033458532683977435,0.006461279606523829,True
397,2015-12-01,ppi_diff,6.998878302936595e-05,-0.001075553426856,-0.004802459178659438,0.0049424367447181705,True
398,2016-01-01,ppi_diff,0.0003858462381018117,-0.0004584435630738,-0.004468811337064598,0.005240503813268222,True
399,2016-02-01,ppi_diff,0.0012217188824471517,-0.0013296753235823,-0.003595540184767934,0.006038977949662238,True
400,2016-03-01,ppi_diff,-0.0005684759082217358,0.0031347962382444,-0.005397695962882365,0.004260744146438894,True
401,2016-04-01,ppi_diff,0.0017649609702617348,0.0038306451612901,-0.0031141813169264267,0.006644103257449897,True
402,2016-05-01,ppi_diff,0.003115478876501726,0.0023640958693178,-0.0017323139110232925,0.007963271664026744,True
403,2016-06-01,ppi_diff,0.001833556525463994,0.0027759572878272,-0.002977437877349817,0.006644550928277804,True
404,2016-07-01,ppi_diff,0.004287410441654949,-0.0005037007434789,-0.0005181257120045789,0.009092946595314476,True
405,2016-08-01,ppi_diff,0.001571338824306706,0.0018492217858316,-0.0033238225646194017,0.006466500213232813,True
406,2016-09-01,ppi_diff,0.0017876778030511725,0.0026232097944252,-0.003107432278581426,0.0066827878846837715,True
407,2016-10-01,ppi_diff,-0.0001425115438523964,0.0023426874979268,-0.004931876039407267,0.0046468529517024754,True
408,2016-11-01,ppi_diff,0.002247230200999975,0.0011789477167711,-0.002535461860990704,0.0070299222629906545,True
409,2016-12-01,ppi_diff,0.0018627509730913274,0.0025245221587761,-0.0029226102829512705,0.006648112229133925,True
410,2017-01-01,ppi_diff,0.0010226629035626294,0.0040430766948156,-0.0037642756666954,0.005809601473820659,True
411,2017-02-01,ppi_diff,0.00460023630967716,0.0015926573570097,-0.00021539462569263815,0.00941586724504696,True
412,2017-03-01,ppi_diff,0.0006945842059510108,-0.0004672016261895,-0.004130226079600724,0.005519394491502745,True
413,2017-04-01,ppi_diff,0.0011817317710193843,0.0012341528217407,-0.003621504833082353,0.005984968375121122,True
414,2017-05-01,ppi_diff,0.001820519039880003,-0.0007739779600562,-0.0029356471201587874,0.006576685199918794,True
415,2017-06-01,ppi_diff,0.0006037912445308509,0.0006516286618252,-0.004151454976525321,0.005359037465587023,True
416,2017-07-01,ppi_diff,0.0014496771639533538,0.0003276499715354,-0.0033015448722894954,0.006200899200196203,True
417,2017-08-01,ppi_diff,0.0013227267303545,0.0038486261632881,-0.003433244575634273,0.006078698036343273,True
418,2017-09-01,ppi_diff,0.0030631569979796803,0.0051063899209977,-0.0017122662146727423,0.007838580210632103,True
419,2017-10-01,ppi_diff,-0.00016651824026795402,0.0007750522450138,-0.0048379506927830355,0.0045049142122471275,True
420,2017-11-01,ppi_diff,0.0015915890998928288,0.0026680074282516,-0.0030761086359226866,0.006259286835708344,True
421,2017-12-01,ppi_diff,0.003865029990155272,0.0021068892447551,-0.0006844395923739314,0.008414499572684475,True
422,2018-01-01,ppi_diff,-0.0007572697196534901,0.0042533443635115,-0.005319056264511876,0.0038045168252048957,False
423,2018-02-01,ppi_diff,0.001547775562441859,0.002692287600609,-0.003109780881233218,0.006205332006116936,True
424,2018-03-01,ppi_diff,0.0029274567755986037,0.000192362410782,-0.0017227153153599965,0.007577628866557204,True
425,2018-04-01,ppi_diff,0.0017109800005257552,0.0026044066560619,-0.0029664150263659914,0.006388375027417502,True
426,2018-05-01,ppi_diff,0.0014936397731390339,0.0022579497815982,-0.0030937773429224667,0.006081056889200534,True
427,2018-06-01,ppi_diff,0.0015915731166740773,0.0009011451720948,-0.002982190205747778,0.006165336439095933,True
428,2018-07-01,ppi_diff,0.003686003546794747,0.0007808204989283,-0.0008320378303671517,0.008204044923956644,True
429,2018-08-01,ppi_diff,0.0009125438461574892,0.0017873207703393,-0.0036009959749834695,0.005426083667298447,True
430,2018-09-01,ppi_diff,0.00021717838511852838,0.0020622817021174,-0.004152926007308074,0.0045872827775451305,True
431,2018-10-01,ppi_diff,-0.0001672722304649531,0.0023395801444987,-0.004539736310321872,0.004205191849391966,True
432,2018-11-01,ppi_diff,0.002810910503065832,-0.0007041919199911,-0.0011813184275679635,0.006803139433699627,True
433,2018-12-01,ppi_diff,0.002185308050911583,0.0006848935445813,-0.0015095478850666293,0.0058801639868897955,True
434,2019-01-01,ppi_diff,0.0005792834419606242,-0.0008149798035343,-0.003065100318692096,0.004223667202613345,True
435,2019-02-01,ppi_diff,-0.0002574509542358136,0.0030012551423219,-0.0037712992639110567,0.003256397355439429,True
436,2019-03-01,ppi_diff,0.0028109670370192437,0.0037817929172307,-0.0007020850446070579,0.006324019118645545,True
437,2019-04-01,ppi_diff,0.00345621462993055,0.0037596794047436,-1.4249377360041685e-06,0.006913854197597104,True
438,2019-05-01,ppi_diff,0.0025892825125732035,0.0002468332856644,-0.000863982508815564,0.006042547533961971,True
439,2019-06-01,ppi_diff,-0.000841139237090035,-0.000325112810228,-0.0043216087718932795,0.00263933029771321,True
440,2019-07-01,ppi_diff,0.0009840486094175995,0.0023078761661827,-0.0024869215100308817,0.00445501872886608,True
441,2019-08-01,ppi_diff,0.003724196781096603,0.0009147700174354,0.0002902216121159558,0.007158171950077251,True
442,2019-09-01,ppi_diff,0.001616913717026035,0.0015388460997671,-0.0018453410755624269,0.005079168509614497,True
443,2019-10-01,ppi_diff,0.0005231982684269815,0.0028272822992627,-0.0029340288536218125,0.003980425390475776,True
444,2019-11-01,ppi_diff,0.0018107376692588996,0.0028154226050438,-0.0016729854264400095,0.005294460764957809,True
445,2019-12-01,ppi_diff,0.002848121706578299,0.0029122185210892,-0.0006360340330147144,0.0063322774461713124,True
446,2020-01-01,ppi_diff,0.0021373948721047985,0.0019216641534238,-0.0013463330044342875,0.005621122748643884,True
447,2020-02-01,ppi_diff,0.002331975415261717,0.0004746707213065,-0.001149716993304743,0.005813667823828177,True
448,2020-03-01,ppi_diff,0.000984708118415517,-0.0045284474445514,-0.0025076765334384535,0.004477092770269487,False
449,2020-04-01,ppi_diff,-0.002083535964823886,-0.007920147553434,-0.0057154639272727166,0.001548391997624945,False
450,2020-05-01,ppi_diff,-0.004209443456033614,-0.0008983252093487,-0.007985679638658202,-0.000433207273409026,True
451,2020-06-01,ppi_diff,0.005048190882667661,0.0048474992376916,0.0012332756343709753,0.008863106130964348,True
452,2020-07-01,ppi_diff,0.004344902480524642,0.0050964433827935,0.0005299773515631931,0.008159827609486092,True
453,2020-08-01,ppi_diff,0.0018947165930082777,0.0037313432835821,-0.0019192415989147337,0.005708674784931289,True
454,2020-09-01,ppi_diff,-0.0021278613002865643,0.0026261395363187,-0.0059482777223394,0.0016925551217662716,False
455,2020-10-01,ppi_diff,0.003921101310137838,0.0012384758285672,4.263384524883559e-05,0.00779956877502684,True
456,2020-11-01,ppi_diff,0.0015802182301057801,0.0022741328907993,-0.002304848289486825,0.005465284749698386,True
457,2020-12-01,ppi_diff,0.003558725175007437,0.0043463096611489,-0.00031939513986096795,0.007436845489875842,True
458,2021-01-01,ppi_diff,0.0015019129458042173,0.0022667862390046,-0.002348280056753975,0.00535210594836241,True
459,2021-02-01,ppi_diff,0.0015794283897087509,0.0035562121390957,-0.0022238195506032667,0.005382676330020769,True
460,2021-03-01,ppi_diff,0.0021131611342906547,0.004833575517978,-0.0016998529720411715,0.005926175240622481,True
461,2021-04-01,ppi_diff,0.006704480321498238,0.0067133099487628,0.0029472809244292485,0.010461679718567228,True
462,2021-05-01,ppi_diff,0.0007675170994642646,0.0066722925457103,-0.0029563950649079775,0.004491429263836506,False
463,2021-06-01,ppi_diff,0.002325213315859138,0.0085915262067628,-0.0014892240885304333,0.00613965072024871,False
464,2021-07-01,ppi_diff,0.004056666634448996,0.004635957297477,0.00016268639290681819,0.007950646875991174,True
465,2021-08-01,ppi_diff,0.0026576360916113284,0.0028937547110843,-0.0012163636705785157,0.006531635853801173,True
466,2021-09-01,ppi_diff,0.0019842465459076896,0.0043629377603098,-0.001889123628643209,0.005857616720458588,True
467,2021-10-01,ppi_diff,0.00426936371463489,0.0094399544429113,0.000384627286109108,0.008154100143160672,False
468,2021-11-01,ppi_diff,0.007743815989497584,0.0083029566626164,0.0037926583600140108,0.011694973618981157,True
469,2021-12-01,ppi_diff,0.004684739356774853,0.0071084268212204,0.0007425295780173029,0.008626949135532403,True
470,2022-01-01,ppi_diff,0.0021022274049133614,0.0061822040839583,-0.0018310048196668073,0.00603545962949353,False
471,2022-02-01,ppi_diff,0.0075060002638748895,0.0070184255792058,0.0035387892563504553,0.011473211271399324,True
472,2022-03-01,ppi_diff,0.0072072860885892005,0.0103400404182409,0.0032440807262256186,0.011170491450952783,True
473,2022-04-01,ppi_diff,0.01247351763283784,0.0038787060775671,0.00848596111989156,0.01646107414578412,False
474,2022-05-01,ppi_diff,0.0025841472379790668,0.0094150016286531,-0.0015890412521420874,0.0067573357281002205,False
475,2022-06-01,ppi_diff,0.009774620094934851,0.0129523273337706,0.005521601186685565,0.014027639003184138,True
476,2022-07-01,ppi_diff,0.011600860746847543,-0.0004473484437697,0.007343021203672108,0.015858700290022978,False
477,2022-08-01,ppi_diff,-0.0004578607304663036,0.0007526954634839,-0.0050466347365370175,0.00413091327560441,True
478,2022-09-01,ppi_diff,0.005967053316859555,0.0042654542251374,0.0014369650387219953,0.010497141594997116,True
479,2022-10-01,ppi_diff,0.005809641278042919,0.0052560378650634,0.0012768367481574491,0.01034244580792839,True
480,2022-11-01,ppi_diff,0.004924529636884063,0.0024464811278648,0.00039427471809318736,0.00945478455567494,True
481,2022-12-01,ppi_diff,0.0031472083188787033,0.0003347750980888,-0.0013600295736747236,0.00765444621143213,True
482,2023-01-01,ppi_diff,0.006347703449171719,0.0055152472490698,0.001831342067222623,0.010864064831120814,True
483,2023-02-01,ppi_diff,0.006271521971698654,0.003394839843438,0.0017561209636871604,0.010786922979710147,True
484,2023-03-01,ppi_diff,0.0016765621930181053,0.0005539412755906,-0.0028187233512398492,0.00617184773727606,True
485,2023-04-01,ppi_diff,0.0036285989012927403,0.0040279403135494,-0.0006828029131903442,0.007940000715775825,True
486,2023-05-01,ppi_diff,0.0030108758321243075,0.0015122598709624,-0.0012915606142716064,0.007313312278520221,True
487,2023-06-01,ppi_diff,0.0010118857701721289,0.0025814661936727,-0.0032956083757108116,0.005319379916055069,True
488,2023-07-01,ppi_diff,0.0007825450926327677,0.0016968158395787,-0.0035204003782972216,0.005085490563562757,True
489,2023-08-01,ppi_diff,0.0037441686236924384,0.0049997537875678,-0.0005463193313370329,0.00803465657872191,True
490,2023-09-01,ppi_diff,0.010061812987350325,0.0040373949003391,0.005786790612053438,0.01433683536264721,False
491,2023-10-01,ppi_diff,0.0018864817461589313,0.0009076890042749,-0.0024809387296883794,0.006253902222006242,True
492,2023-11-01,ppi_diff,0.0025228036775475585,0.0014106802143973,-0.001844784938341307,0.006890392293436424,True
493,2023-12-01,ppi_diff,0.0016550049309546821,0.0021033019893732,-0.002710208980035804,0.006020218841945168,True
494,2024-01-01,ppi_diff,0.0022329677013535228,0.0034301261599751,-0.002130298626380601,0.006596234029087647,True
495,2024-02-01,ppi_diff,0.003398512161175399,0.0039639244142881,-0.0009688633396449015,0.0077658876619957,True
496,2024-03-01,ppi_diff,0.005781949769203325,0.0034884992058441,0.0014148988776208201,0.01014900066078583,True
497,2024-04-01,ppi_diff,0.00351056146441096,0.002912462713108,-0.0008757594985964604,0.00789688242741838,True
498,2024-05-01,ppi_diff,0.002491198486509832,0.0003961458839163,-0.001892059645805216,0.0068744566188248795,True
499,2024-06-01,ppi_diff,0.0020600014833012763,-2.8741138149102063e-05,-0.002339279570874835,0.0064592825374773875,True
500,2024-07-01,ppi_diff,0.001839591226089026,0.0013891949375819,-0.0025750804340487843,0.006254262886226836,True
501,2024-08-01,ppi_diff,0.0026600304088408543,0.0018018535172819,-0.0017554054967892797,0.007075466314470988,True
502,2024-09-01,ppi_diff,0.002711117010368849,0.0022920373984103,-0.0016948426588633018,0.0071170766796009996,True
503,2024-10-01,ppi_diff,-0.0002883127805710559,0.002264563237849,-0.004692665937013826,0.004116040375871714,True
504,2024-11-01,ppi_diff,0.004491120831465797,0.002804502414724,7.598005196221645e-05,0.008906261610969378,True
505,2024-12-01,ppi_diff,0.0019106123058110131,0.0036467171645351,-0.002496776807004331,0.006318001418626358,True
506,2025-01-01,ppi_diff,0.0017513128066323832,0.0046693513600313,-0.002651037524710088,0.006153663137974854,True
507,2025-02-01,ppi_diff,0.006387128276520258,0.0021592924791433,0.0020898584382417562,0.010684398114798759,True
508,2014-08-01,unm_rate,0.0005352024685515185,-0.0001600013473797,-0.00564364397157929,0.006714048908682327,True
509,2014-09-01,unm_rate,0.0009160067293058544,7.159100480080838e-05,-0.005261943655670098,0.007093957114281808,True
510,2014-10-01,unm_rate,0.0009934705361868174,-0.0001979139032411,-0.005170475471537685,0.0071574165439113185,True
511,2014-11-01,unm_rate,0.0006439436115256226,-0.0018826601524659,-0.005517792326427023,0.006805679549478269,True
512,2014-12-01,unm_rate,-0.0012241861575096329,-0.0030846094445592,-0.007403243563651005,0.004954871248631738,True
513,2015-01-01,unm_rate,-0.001479790927415462,-0.0063703164417655,-0.0076310356681205315,0.004671453813289607,True
514,2015-02-01,unm_rate,-0.0033131870553148503,0.0025346436802173,-0.009533712478362417,0.0029073383677327164,True
515,2015-03-01,unm_rate,0.002970905365662737,0.0026939517808124,-0.003309844727994857,0.009251655459320331,True
516,2015-04-01,unm_rate,0.0015729864381960924,0.0010424788961589,-0.004707731945293084,0.007853704821685268,True
517,2015-05-01,unm_rate,-0.0006287279660934968,0.0032977453412468,-0.006910192593364822,0.005652736661177828,True
518,2015-06-01,unm_rate,0.0035041229872407186,0.0027679208104607,-0.0027973672302376326,0.00980561320471907,True
519,2015-07-01,unm_rate,0.00041561434505345274,0.0015863197801873,-0.005887067945499629,0.006718296635606535,True
520,2015-08-01,unm_rate,0.0005712664441126062,-4.20108051790713e-06,-0.0056513826907401135,0.0067939155789653255,True
521,2015-09-01,unm_rate,0.0004805323718687284,-0.0022475875193775,-0.0057428993956500415,0.006703964139387498,True
522,2015-10-01,unm_rate,-0.0026676106078413436,0.0009894820166906,-0.008604526273988842,0.0032693050583061547,True
523,2015-11-01,unm_rate,0.0008887103666472029,0.0011946174910508,-0.00489842500661519,0.006675845739909596,True
524,2015-12-01,unm_rate,-0.00012876164121979972,-0.001075553426856,-0.005874595884185679,0.005617072601746081,True
525,2016-01-01,unm_rate,0.00020701612685520665,-0.0004584435630738,-0.005525517725462401,0.005939549979172815,True
526,2016-02-01,unm_rate,-0.0009341585642447252,-0.0013296753235823,-0.0066570306862851775,0.004788713557795726,True
527,2016-03-01,unm_rate,-0.0014714266125007151,0.0031347962382444,-0.00717834216771587,0.0042354889427144386,True
528,2016-04-01,unm_rate,0.0011063329051338709,0.0038306451612901,-0.004654514799544285,0.006867180609812028,True
529,2016-05-01,unm_rate,0.002248334734752875,0.0023640958693178,-0.0035031105982971916,0.007999780067802942,True
530,2016-06-01,unm_rate,0.0014170660600514241,0.0027759572878272,-0.004305247862110759,0.007139379982213607,True
531,2016-07-01,unm_rate,0.001967222896746381,-0.0005037007434789,-0.003758083919270272,0.007692529712763034,True
532,2016-08-01,unm_rate,-0.0007802601851053514,0.0018492217858316,-0.006497012913991879,0.004936492543781175,True
533,2016-09-01,unm_rate,0.0024549503243025735,0.0026232097944252,-0.0032729871784261764,0.008182887827031323,True
534,2016-10-01,unm_rate,0.0014026296793809112,0.0023426874979268,-0.004244017647666364,0.0070492770064281875,True
535,2016-11-01,unm_rate,0.001240946444966863,0.0011789477167711,-0.00438444050103679,0.006866333390970517,True
536,2016-12-01,unm_rate,0.0009581188969512038,0.0025245221587761,-0.00466636182325926,0.006582599617161667,True
537,2017-01-01,unm_rate,0.0016736561136084479,0.0040430766948156,-0.003946980483421733,0.0072942927106386295,True
538,2017-02-01,unm_rate,0.0037834626298028657,0.0015926573570097,-0.0018520261933871072,0.00941895145299284,True
539,2017-03-01,unm_rate,-0.00011853764611513594,-0.0004672016261895,-0.005745507971897285,0.005508432679667014,True
540,2017-04-01,unm_rate,7.765518388725572e-05,0.0012341528217407,-0.005535395761580122,0.005690706129354633,True
541,2017-05-01,unm_rate,0.001544295741487608,-0.0007739779600562,-0.004062282341119243,0.00715087382409446,True
542,2017-06-01,unm_rate,-0.0005638174053650025,0.0006516286618252,-0.006160937993227027,0.005033303182497022,True
543,2017-07-01,unm_rate,0.0018835610588480694,0.0003276499715354,-0.003715411753488714,0.007482533871184853,True
544,2017-08-01,unm_rate,0.0006277292626516032,0.0038486261632881,-0.004978519090872092,0.006233977616175298,True
545,2017-09-01,unm_rate,0.003400108726602906,0.0051063899209977,-0.0022345438687647505,0.009034761321970564,True
546,2017-10-01,unm_rate,0.0031412464714318388,0.0007750522450138,-0.002476282666371996,0.008758775609235674,True
547,2017-11-01,unm_rate,0.00024364972180799139,0.0026680074282516,-0.005388278729953565,0.005875578173569548,True
548,2017-12-01,unm_rate,0.0027809197314694915,0.0021068892447551,-0.002784219637681648,0.008346059100620631,True
549,2018-01-01,unm_rate,0.0014548399070790745,0.0042533443635115,-0.004107930659300423,0.007017610473458572,True
550,2018-02-01,unm_rate,0.002919406343505424,0.002692287600609,-0.0026601574366363276,0.008498970123647176,True
551,2018-03-01,unm_rate,0.0019262726576904192,0.000192362410782,-0.0036531576799101783,0.007505702995291017,True
552,2018-04-01,unm_rate,0.0005954217886944919,0.0026044066560619,-0.004992905634542909,0.006183749211931894,True
553,2018-05-01,unm_rate,0.002893910887277749,0.0022579497815982,-0.002704689602434261,0.00849251137698976,True
554,2018-06-01,unm_rate,0.0008254482896472739,0.0009011451720948,-0.004722238291253712,0.006373134870548259,True
555,2018-07-01,unm_rate,0.0009938222159478556,0.0007808204989283,-0.0044707441110398115,0.006458388542935524,True
556,2018-08-01,unm_rate,0.00014976092018886215,0.0017873207703393,-0.005313213594279052,0.0056127354346567765,True
557,2018-09-01,unm_rate,0.0017434841323730843,0.0020622817021174,-0.003587281198079732,0.0070742494628259,True
558,2018-10-01,unm_rate,0.0018640753056950433,0.0023395801444987,-0.0034577485557446626,0.0071858991671347495,True
559,2018-11-01,unm_rate,0.0014474448874690874,-0.0007041919199911,-0.003262507598008896,0.006157397372947071,True
560,2018-12-01,unm_rate,0.0015595056639404934,0.0006848935445813,-0.002377400382469632,0.005496411710350618,True
561,2019-01-01,unm_rate,0.0012454344357289283,-0.0008149798035343,-0.0026761906017749933,0.00516705947323285,True
562,2019-02-01,unm_rate,0.0007844345737932439,0.0030012551423219,-0.0030220609017953836,0.004590930049381872,True
563,2019-03-01,unm_rate,0.001856819464451284,0.0037817929172307,-0.001972014286310531,0.0056856532152131,True
564,2019-04-01,unm_rate,0.002391278751582091,0.0037596794047436,-0.0014523800748153324,0.006234937577979514,True
565,2019-05-01,unm_rate,0.0023446485605704568,0.0002468332856644,-0.0014164157334530612,0.006105712854593975,True
566,2019-06-01,unm_rate,0.0005713991553894634,-0.000325112810228,-0.003186314517221114,0.004329112828000041,True
567,2019-07-01,unm_rate,0.0010658250883817278,0.0023078761661827,-0.002587707385382669,0.004719357562146124,True
568,2019-08-01,unm_rate,0.0030109324217953413,0.0009147700174354,-0.0005854538421626032,0.006607318685753286,True
569,2019-09-01,unm_rate,0.0008822919911702719,0.0015388460997671,-0.0027109759463916586,0.004475559928732203,True
570,2019-10-01,unm_rate,0.0005005582284706551,0.0028272822992627,-0.0030888006999969524,0.004089917156938263,True
571,2019-11-01,unm_rate,0.002351245843001195,0.0028154226050438,-0.0012599236704004205,0.0059624153564028105,True
572,2019-12-01,unm_rate,0.0018360581996293688,0.0029122185210892,-0.0017571838678998595,0.005429300267158597,True
573,2020-01-01,unm_rate,0.0022433018243024684,0.0019216641534238,-0.0013540070457439463,0.0058406106943488835,True
574,2020-02-01,unm_rate,0.0016858764970963897,0.0004746707213065,-0.0019110424455292296,0.005282795439722009,True
575,2020-03-01,unm_rate,0.001811257265471804,-0.0045284474445514,-0.001787921937270343,0.005410436468213951,False
576,2020-04-01,unm_rate,-0.0021611124212465014,-0.007920147553434,-0.005942114024584984,0.0016198891820919815,False
577,2020-05-01,unm_rate,-0.0025899652246037397,-0.0008983252093487,-0.006483921837967486,0.0013039913887600068,True
578,2020-06-01,unm_rate,0.002427503194270627,0.0048474992376916,-0.001461271839325923,0.006316278227867177,True
579,2020-07-01,unm_rate,0.0045542134342536275,0.0050964433827935,0.0006452117972244155,0.00846321507128284,True
580,2020-08-01,unm_rate,0.0022118613776278408,0.0037313432835821,-0.0016980869948268035,0.006121809750082485,True
581,2020-09-01,unm_rate,0.0013621124276903718,0.0026261395363187,-0.0025561365885122147,0.005280361443892958,True
582,2020-10-01,unm_rate,0.003142499586144474,0.0012384758285672,-0.0007598694245153641,0.007044868596804312,True
583,2020-11-01,unm_rate,0.000569281927879229,0.0022741328907993,-0.003305153219757765,0.004443717075516223,True
584,2020-12-01,unm_rate,0.0013734539963682056,0.0043463096611489,-0.002507496343860422,0.005254404336596833,True
585,2021-01-01,unm_rate,0.0035855167406079872,0.0022667862390046,-0.00031179663149977265,0.0074828301127157475,True
586,2021-02-01,unm_rate,-4.928443600464528e-05,0.0035562121390957,-0.003950864936821563,0.0038522960648122726,True
587,2021-03-01,unm_rate,0.0026995917440327437,0.004833575517978,-0.0012487148655560432,0.006647898353621531,True
588,2021-04-01,unm_rate,0.0043444578360999336,0.0067133099487628,0.00042593953213523536,0.008262976140064632,True
589,2021-05-01,unm_rate,0.004059374845413708,0.0066722925457103,0.00012441684068049356,0.007994332850146921,True
590,2021-06-01,unm_rate,0.0035736050806662862,0.0085915262067628,-0.0003847749409892627,0.007531985102321835,False
591,2021-07-01,unm_rate,0.005196902210667619,0.004635957297477,0.0011912753508682384,0.009202529070467001,True
592,2021-08-01,unm_rate,0.002509232282196612,0.0028937547110843,-0.0014882660929345132,0.006506730657327738,True
593,2021-09-01,unm_rate,0.0029148269342487007,0.0043629377603098,-0.001077034261063997,0.006906688129561398,True
594,2021-10-01,unm_rate,0.005868663779064037,0.0094399544429113,0.0018740543512321736,0.0098632732068959,True
595,2021-11-01,unm_rate,0.008113140215304149,0.0083029566626164,0.0040822682015301025,0.012144012229078197,True
596,2021-12-01,unm_rate,0.0062065530598596486,0.0071084268212204,0.0021764397322249487,0.010236666387494348,True
597,2022-01-01,unm_rate,0.0056836735717138,0.0061822040839583,0.0016768450058866008,0.009690502137541,True
598,2022-02-01,unm_rate,0.005989495924878265,0.0070184255792058,0.001982436797603065,0.009996555052153466,True
599,2022-03-01,unm_rate,0.007118040140802425,0.0103400404182409,0.003110012849781782,0.011126067431823069,True
600,2022-04-01,unm_rate,0.008877347509559428,0.0038787060775671,0.004828270848189012,0.012926424170929846,False
601,2022-05-01,unm_rate,0.003528073165056046,0.0094150016286531,-0.0006202325938728663,0.007676378923984959,False
602,2022-06-01,unm_rate,0.007169048681942343,0.0129523273337706,0.002960148160065806,0.01137794920381888,False
603,2022-07-01,unm_rate,0.011242138972765249,-0.0004473484437697,0.0069243386571900545,0.015559939288340444,False
604,2022-08-01,unm_rate,0.002355286186086296,0.0007526954634839,-0.0023853550750504286,0.007095927447223021,True
605,2022-09-01,unm_rate,0.006252180441972674,0.0042654542251374,0.001567801540583438,0.01093655934336191,True
606,2022-10-01,unm_rate,0.0064196784963067525,0.0052560378650634,0.001725381102739956,0.011113975889873548,True
607,2022-11-01,unm_rate,0.005836427350131825,0.0024464811278648,0.0011392484007536167,0.010533606299510034,True
608,2022-12-01,unm_rate,0.0008130428858538459,0.0003347750980888,-0.003813153545463332,0.005439239317171024,True
609,2023-01-01,unm_rate,0.0051613303518710405,0.0055152472490698,0.0005393032255809034,0.009783357478161177,True
610,2023-02-01,unm_rate,0.005272562287604187,0.003394839843438,0.0006502472223125066,0.009894877352895867,True
611,2023-03-01,unm_rate,0.0013934825339507427,0.0005539412755906,-0.003205479139633709,0.005992444207535194,True
612,2023-04-01,unm_rate,0.0034568539101704357,0.0040279403135494,-0.0009581530167580036,0.007871860837098874,True
613,2023-05-01,unm_rate,0.0034875167437141783,0.0015122598709624,-0.0009225737582362267,0.007897607245664583,True
614,2023-06-01,unm_rate,0.0012345817336185067,0.0025814661936727,-0.003179121440476028,0.005648284907713041,True
615,2023-07-01,unm_rate,0.0014118055011426984,0.0016968158395787,-0.0030037021992088274,0.005827313201494225,True
616,2023-08-01,unm_rate,0.0018391123199731287,0.0049997537875678,-0.0025669011391914825,0.006245125779137739,True
617,2023-09-01,unm_rate,0.007124850457086882,0.0040373949003391,0.0026958802547938695,0.011553820659379894,True
618,2023-10-01,unm_rate,0.00033635072386943923,0.0009076890042749,-0.004095254576875933,0.004767956024614811,True
619,2023-11-01,unm_rate,0.002187269252503028,0.0014106802143973,-0.0022436232836964723,0.006618161788702528,True
620,2023-12-01,unm_rate,0.0021956399774450295,0.0021033019893732,-0.0022373955515264604,0.0066286755064165195,True
621,2024-01-01,unm_rate,0.0020017246227350873,0.0034301261599751,-0.0024281137689710023,0.006431563014441177,True
622,2024-02-01,unm_rate,0.002503166265298137,0.0039639244142881,-0.0019329309011264758,0.00693926343172275,True
623,2024-03-01,unm_rate,0.0024839110098494187,0.0034884992058441,-0.001960225961113783,0.00692804798081262,True
624,2024-04-01,unm_rate,0.003647438966066309,0.002912462713108,-0.0008002815295240131,0.00809515946165663,True
625,2024-05-01,unm_rate,0.002145260267367613,0.0003961458839163,-0.00230007712628528,0.006590597661020506,True
626,2024-06-01,unm_rate,0.0009609081753759537,-2.8741138149102063e-05,-0.00349278357620226,0.005414599926954167,True
627,2024-07-01,unm_rate,0.001961108272241212,0.0013891949375819,-0.0024922099077572396,0.006414426452239663,True
628,2024-08-01,unm_rate,0.0014099888673801521,0.0018018535172819,-0.0030443724091184466,0.005864350143878751,True
629,2024-09-01,unm_rate,0.0016076817234304812,0.0022920373984103,-0.002830889054983114,0.006046252501844076,True
630,2024-10-01,unm_rate,0.001575380283481612,0.002264563237849,-0.002862339108249805,0.006013099675213029,True
631,2024-11-01,unm_rate,0.002419521874247734,0.002804502414724,-0.002005410976481951,0.006844454724977419,True
632,2024-12-01,unm_rate,0.0027061375572550866,0.0036467171645351,-0.0016802320158303772,0.0070925071303405505,True
633,2025-01-01,unm_rate,0.0022820975252613174,0.0046693513600313,-0.0020729444611881503,0.006637139511710785,True
634,2025-02-01,unm_rate,0.003336763679703736,0.0021592924791433,-0.0009142023720222939,0.007587729731429765,True
