date,ppi,gdp_pct_change,int_3m,cons_conf,unm_rate
1986-01-01,51.4560581227973,1.7895751630928158,12.863,99.71179,11.2
1986-02-01,51.4560581227973,1.7895751630928158,12.71875,99.70575,11.1
1986-03-01,51.4560581227973,1.7895751630928158,11.77679,99.74067,11.2
1986-04-01,51.6126993061611,1.2192767096080193,10.5767,99.80801,11.3
1986-05-01,51.3777410999201,1.2192767096080193,10.26705,99.85727,11.3
1986-06-01,51.4560581227973,1.2192767096080193,9.82292,99.89935,11.3
1986-07-01,51.3777410999201,1.7351175065180469,10.03805,99.93089,11.3
1986-08-01,51.4560581227973,1.7351175065180469,9.89435,99.9693,11.3
1986-09-01,51.6910155359706,1.7351175065180469,10.18892,100.0366,11.3
1986-10-01,51.8476567193344,3.3842609542008573,11.1644,100.1799,11.2
1986-11-01,52.0042979026982,3.3842609542008573,11.24609,100.4227,11.2
1986-12-01,52.0826141325077,3.3842609542008573,11.40421,100.7712,11.2
1987-01-01,52.6308539124087,2.0357750541980746,11.10085,101.2396,11.1
1987-02-01,52.7874950957725,2.0357750541980746,10.89219,101.6438,11.0
1987-03-01,52.9441362791364,2.0357750541980746,10.0142,102.0622,10.9
1987-04-01,53.1007774625002,3.049874720660939,9.83097,102.4685,10.8
1987-05-01,53.2574107151869,3.049874720660939,8.86792,102.8076,10.6
1987-06-01,53.2574107151869,3.049874720660939,8.93608,103.009,10.5
1987-07-01,53.4140518985507,4.4192904492397656,9.24796,103.0333,10.3
1987-08-01,53.492376852105,4.4192904492397656,10.0997,102.9027,10.1
1987-09-01,53.649009311724,4.4192904492397656,10.19602,102.6596,10.0
1987-10-01,53.883967517965,2.1208473949606343,10.0277,102.334,9.8
1987-11-01,53.9622916784517,2.1208473949606343,8.998510000000001,101.9896,9.6
1987-12-01,54.1189328618155,2.1208473949606343,7.97283,101.6775,9.4
1988-01-01,54.3538902749888,2.671494049223888,8.88691,101.4349,9.2
1988-02-01,54.5105314583526,2.671494049223888,9.28795,101.2747,9.1
1988-03-01,54.5888484812298,2.671494049223888,8.913039999999999,101.2025,8.9
1988-04-01,54.980447077767,2.5111979772364013,8.374260000000001,101.2092,8.8
1988-05-01,55.2154044909403,2.5111979772364013,8.06676,101.2461,8.7
1988-06-01,55.2937294444946,2.5111979772364013,8.975139999999998,101.2475,8.5
1988-07-01,55.6070030874775,3.0527702554343783,10.57366,101.1955,8.4
1988-08-01,55.6853280410318,3.0527702554343783,11.44429,101.0891,8.3
1988-09-01,55.7636442708413,3.0527702554343783,12.19034,100.9329,8.4
1988-10-01,55.9202854542051,2.960206248535169,12.0439,100.7627,8.0
1988-11-01,55.9986024770823,2.960206248535169,12.31818,100.6308,7.9
1988-12-01,56.1552436604461,2.960206248535169,13.15767,100.5475,7.7
1989-01-01,56.7034834403471,2.520538873828193,13.16122,100.521,7.6
1989-02-01,56.8601246237109,2.520538873828193,13.06406,100.5318,7.5
1989-03-01,57.1733982666937,2.520538873828193,13.0625,100.5523,7.4
1989-04-01,57.4866806334214,1.7756336502425585,13.18359,100.5908,7.2
1989-05-01,57.8782800230262,1.7756336502425585,13.22215,100.6021,7.1
1989-06-01,57.9565962528358,1.7756336502425585,14.182529999999998,100.5538,7.0
1989-07-01,58.0349124826452,2.7158175880260815,13.96317,100.456,7.0
1989-08-01,58.1915536660091,2.7158175880260815,13.89572,100.307,7.0
1989-09-01,58.5831522625462,2.7158175880260815,14.07217,100.1072,6.9
1989-10-01,58.8964346292739,2.5783613310162767,15.068179999999998,99.89664,6.8
1989-11-01,58.8964346292739,2.5783613310162767,15.15412,99.72774,6.8
1989-12-01,59.1313928355149,2.5783613310162767,15.15179,99.60282,6.8
1990-01-01,59.7579488452253,2.3090051199678774,15.19837,99.49652,6.8
1990-02-01,59.9145900285892,2.3090051199678774,15.14922,99.40936,6.8
1990-03-01,60.3061886251263,2.3090051199678774,15.31676,99.37785,6.7
1990-04-01,61.0893866112683,2.246467471298197,15.25744,99.41489,6.8
1990-05-01,61.402668977996,2.246467471298197,15.19429,99.46527,6.7
1990-06-01,61.4809852078055,2.246467471298197,15.01302,99.47208,6.7
1990-07-01,61.4809852078055,2.00876924645661,14.9858,99.41196,6.8
1990-08-01,62.0292249877064,2.00876924645661,15.01664,99.2888,6.8
1990-09-01,62.6557817904846,2.00876924645661,14.95117,99.12041,6.9
1990-10-01,63.1256966168312,0.5209680833548891,14.06216,98.93393,7.0
1990-11-01,63.0473803870217,0.5209680833548891,13.68111,98.75393,7.1
1990-12-01,62.9690554334674,0.5209680833548891,13.8817,98.63288,7.4
1991-01-01,63.6739371897999,1.3091240918609692,14.01087,98.59975,7.5
1991-02-01,63.7554653438505,1.3091240918609692,13.295320000000002,98.70358,7.7
1991-03-01,64.0000513921375,1.3091240918609692,12.4628,98.93243,8.1
1991-04-01,64.8153392771847,1.5185458912651884,12.01492,99.19907,8.3
1991-05-01,65.14145427259,1.5185458912651884,11.56522,99.47033,8.5
1991-06-01,65.0599253254717,1.5185458912651884,11.29844,99.7405,8.6
1991-07-01,65.2229824266405,0.8292477619410432,11.12976,100.0045,8.8
1991-08-01,65.2229824266405,0.8292477619410432,10.93324,100.2421,9.0
1991-09-01,65.3045113737588,0.8292477619410432,10.33408,100.3986,9.0
1991-10-01,65.4675684749276,1.3030234657039674,10.45823,100.4505,9.0
1991-11-01,65.6306263691641,1.3030234657039674,10.52977,100.4252,9.1
1991-12-01,65.4675684749276,1.3030234657039674,10.84837,100.3696,9.2
1992-01-01,65.7936834703329,1.0290105239712632,10.71773,100.3423,9.3
1992-02-01,66.0382703116876,1.0290105239712632,10.42031,100.3634,9.3
1992-03-01,66.5274424082618,1.0290105239712632,10.67045,100.406,9.3
1992-04-01,66.8535574036671,0.24856975936684567,10.65483,100.4081,9.8
1992-05-01,67.0166145048359,0.24856975936684567,10.109,100.2783,9.8
1992-06-01,67.0981434519541,0.24856975936684567,10.05078,100.0021,9.9
1992-07-01,67.0981434519541,0.36780673927505614,10.20245,99.65091,9.9
1992-08-01,67.0166145048359,0.36780673927505614,10.4122,99.33956,9.9
1992-09-01,67.0166145048359,0.36780673927505614,10.03729,99.15178,10.1
1992-10-01,67.3427295002412,1.331631591056004,8.39347,99.11961,10.2
1992-11-01,67.5873155485282,1.331631591056004,7.2671100000000015,99.21712,10.4
1992-12-01,67.6688444956465,1.331631591056004,7.231319999999998,99.40015,10.5
1993-01-01,68.0764884381701,2.4817691862759395,6.983630000000001,99.6045,10.7
1993-02-01,68.4841315876259,2.4817691862759395,6.23086,99.81917,10.6
1993-03-01,68.9733044772677,2.4817691862759395,6.03193,100.0334,10.6
1993-04-01,69.5440055209601,0.11710096001686932,6.02379,100.2407,10.5
1993-05-01,69.7070626221289,0.11710096001686932,6.04427,100.4294,10.4
1993-06-01,69.7885915692472,0.11710096001686932,5.9517,100.5879,10.4
1993-07-01,69.8701205163654,1.975743142854136,6.00355,100.7439,10.3
1993-08-01,69.951648670416,1.975743142854136,5.91406,100.8957,10.2
1993-09-01,69.951648670416,1.975743142854136,5.95987,101.0037,10.3
1993-10-01,70.0331776175342,1.7406175084731856,5.813619999999999,101.0564,10.2
1993-11-01,70.0331776175342,1.7406175084731856,5.6076,101.0542,10.3
1993-12-01,70.4408215600578,1.7406175084731856,5.38281,101.0063,10.3
1994-01-01,70.6038786612266,1.459976335687907,5.44345,100.919,10.1
1994-02-01,70.6854076083448,1.459976335687907,5.26328,100.7687,9.9
1994-03-01,70.7669365554631,1.459976335687907,5.227580000000001,100.5826,9.8
1994-04-01,71.0115226037502,0.4479569160543706,5.28981,100.4159,9.7
1994-05-01,71.2561086520372,0.4479569160543706,5.22727,100.3019,9.7
1994-06-01,71.2561086520372,0.4479569160543706,5.18786,100.2322,9.6
1994-07-01,71.3376375991555,1.296022243149908,5.266369999999999,100.1827,9.5
1994-08-01,71.5006947003243,1.296022243149908,5.57745,100.1417,9.4
1994-09-01,71.5822236474425,1.296022243149908,5.76811,100.0769,9.3
1994-10-01,71.6637525945608,1.8313558821793308,5.9747,99.98431,9.1
1994-11-01,71.8268096957296,1.8313558821793308,6.12536,99.87586,9.0
1994-12-01,72.2344536382532,1.8313558821793308,6.42685,99.76565,8.9
1995-01-01,73.1312696773508,0.7931792382194436,6.63778,99.69443,8.9
1995-02-01,73.2943267785196,0.7931792382194436,6.803910000000001,99.6641,8.9
1995-03-01,73.5389128268067,0.7931792382194436,6.72554,99.66493,8.8
1995-04-01,73.865027822212,1.0021231015494347,6.736330000000001,99.69905,8.8
1995-05-01,74.1096138704991,1.0021231015494347,6.776160000000001,99.76116,8.7
1995-06-01,74.1911428176173,1.0021231015494347,6.71484,99.83727,8.7
1995-07-01,74.3541999187861,1.8353673581718466,6.876860000000001,99.89687,8.6
1995-08-01,74.5172578130226,1.8353673581718466,6.87568,99.93292,8.6
1995-09-01,74.5987867601409,1.8353673581718466,6.795389999999999,99.94233,8.6
1995-10-01,74.6803149141914,1.4947627390315743,6.817830000000001,99.92962,8.6
1995-11-01,74.5987867601409,1.4947627390315743,6.72088,99.90573,8.3
1995-12-01,75.2510159578838,1.4947627390315743,6.54985,99.89032,8.4
1996-01-01,75.6586599004074,1.656842221242849,6.44718,99.88934,8.3
1996-02-01,75.5000463576392,1.656842221242849,6.24554,99.91083,8.2
1996-03-01,75.6586599004074,1.656842221242849,6.139880000000001,99.93672,8.3
1996-04-01,75.9758869859436,2.1469248034394095,6.08452,99.95235,8.3
1996-05-01,75.9758869859436,2.1469248034394095,6.11651,99.93966,8.3
1996-06-01,75.5793531290233,2.1469248034394095,5.93477,99.92188,8.2
1996-07-01,75.262126043487,1.6468674150150076,5.82167,99.91997,8.1
1996-08-01,75.4207395862551,1.6468674150150076,5.836469999999999,99.94366,8.1
1996-09-01,75.7379666717914,1.6468674150150076,5.86365,99.98461,8.1
1996-10-01,75.8172734431755,1.1086850621107258,6.01953,100.0336,8.0
1996-11-01,75.6586599004074,1.1086850621107258,6.38579,100.0771,7.8
1996-12-01,75.4207395862551,1.1086850621107258,6.43164,100.1296,7.7
1997-01-01,75.5000463576392,0.12389174958380433,6.41491,100.2075,7.5
1997-02-01,75.1035125007188,0.12389174958380433,6.28848,100.3129,7.3
1997-03-01,74.8655921865666,0.12389174958380433,6.304130000000001,100.4279,7.2
1997-04-01,74.8655921865666,1.3959243648737463,6.45437,100.5439,7.2
1997-05-01,74.8655921865666,1.3959243648737463,6.53214,100.6459,7.2
1997-06-01,74.3897515582622,1.3959243648737463,6.664619999999999,100.7285,7.3
1997-07-01,74.1518312441099,3.1313824693429693,7.04144,100.7991,7.1
1997-08-01,74.231138015494,3.1313824693429693,7.24349,100.8716,6.8
1997-09-01,74.4690583296462,3.1313824693429693,7.296869999999998,100.9282,6.7
1997-10-01,74.3897515582622,-0.8702154584449562,7.35615,100.9517,6.6
1997-11-01,74.3104447868781,-0.8702154584449562,7.62617,100.9413,6.5
1997-12-01,74.0725244727259,-0.8702154584449562,7.7179,100.9199,6.4
1998-01-01,73.8346041585736,1.943051353255698,7.5854,100.8922,6.4
1998-02-01,73.5173770730374,1.943051353255698,7.543949999999999,100.8574,6.4
1998-03-01,73.3587635302692,1.943051353255698,7.56676,100.7839,6.3
1998-04-01,73.2794567588851,0.863155498093171,7.53533,100.6358,6.3
1998-05-01,73.2794567588851,0.863155498093171,7.4881,100.3984,6.3
1998-06-01,73.2001499875011,0.863155498093171,7.71396,100.0773,6.3
1998-07-01,73.120843216117,0.9992703995872265,7.806219999999999,99.71571,6.3
1998-08-01,73.0415364447329,0.9992703995872265,7.72824,99.39133,6.2
1998-09-01,72.8036161305807,0.9992703995872265,7.467679999999999,99.18082,6.2
1998-10-01,72.7243093591966,1.3338122605363933,7.2206100000000015,99.12332,6.2
1998-11-01,72.5656958164284,1.3338122605363933,6.974480000000001,99.2495,6.1
1998-12-01,72.2484687308921,1.3338122605363933,6.46034,99.52863,6.2
1999-01-01,72.1691619595081,0.7880993454167262,5.92171,99.92518,6.2
1999-02-01,72.3277755022762,0.7880993454167262,5.531969999999999,100.4043,6.2
1999-03-01,72.4070822736603,0.7880993454167262,5.42287,100.8907,6.2
1999-04-01,72.7243093591966,0.9773234389592877,5.31773,101.3081,6.1
1999-05-01,72.7243093591966,0.9773234389592877,5.34875,101.6303,6.0
1999-06-01,72.6450025878125,0.9773234389592877,5.22114,101.8477,6.0
1999-07-01,72.9622296733488,1.2383709230507245,5.16688,101.937,5.9
1999-08-01,73.120843216117,1.2383709230507245,5.25409,101.88,5.9
1999-09-01,73.3587635302692,1.2383709230507245,5.4107,101.7073,5.8
1999-10-01,73.4380703016533,2.1914802525955235,6.02564,101.4635,5.8
1999-11-01,73.4380703016533,2.1914802525955235,5.8725,101.2246,5.8
1999-12-01,73.6759906158055,2.1914802525955235,6.05531,101.0276,5.9
2000-01-01,73.7552973871896,1.858328626415351,6.13632,100.8743,5.8
2000-02-01,73.7552973871896,1.858328626415351,6.23781,100.7604,5.8
2000-03-01,73.8346041585736,1.858328626415351,6.22838,100.6829,5.7
2000-04-01,73.8346041585736,0.5916160188024433,6.296469999999999,100.6105,5.6
2000-05-01,73.8346041585736,0.5916160188024433,6.30356,100.5498,5.5
2000-06-01,74.4690583296462,0.5916160188024433,6.22682,100.4943,5.3
2000-07-01,74.6276718724144,0.8243403087077716,6.19247,100.4536,5.3
2000-08-01,74.3104447868781,0.8243403087077716,6.2175400000000005,100.4411,5.3
2000-09-01,74.6276718724144,0.8243403087077716,6.20569,100.4643,5.4
2000-10-01,75.0242057293348,0.7904437057796976,6.16274,100.5312,5.3
2000-11-01,75.1035125007188,0.7904437057796976,6.08629,100.6132,5.2
2000-12-01,74.7069786437985,0.7904437057796976,5.95539,100.6704,5.2
2001-01-01,73.9139109299577,1.6281250336797726,5.84578,100.6781,5.2
2001-02-01,73.5966838444214,1.6281250336797726,5.75655,100.6448,5.1
2001-03-01,73.8346041585736,1.6281250336797726,5.55126,100.5834,5.0
2001-04-01,74.0725244727259,1.3570693805697642,5.40449,100.5113,4.9
2001-05-01,74.4690583296462,1.3570693805697642,5.24858,100.4367,5.0
2001-06-01,74.5483651010303,1.3570693805697642,5.25854,100.3444,5.0
2001-07-01,74.3104447868781,0.5015206048938348,5.25436,100.227,5.1
2001-08-01,74.0725244727259,0.5015206048938348,4.996580000000001,100.1104,5.1
2001-09-01,74.0725244727259,0.5015206048938348,4.72946,100.0108,5.1
2001-10-01,73.7552973871896,0.06454612966138029,4.42821,99.9448,5.1
2001-11-01,73.120843216117,0.06454612966138029,3.99675,99.93617,5.2
2001-12-01,72.8829229019648,0.06454612966138029,4.0506,99.97735,5.2
2002-01-01,72.9622296733488,1.4336644101653473,4.04677,100.0656,5.1
2002-02-01,73.120843216117,1.4336644101653473,4.0526800000000005,100.1834,5.2
2002-03-01,73.3587635302692,1.4336644101653473,4.13055,100.3123,5.2
2002-04-01,73.8346041585736,1.0359470196864118,4.17319,100.4112,5.2
2002-05-01,73.9932177013418,1.0359470196864118,4.1537,100.4275,5.2
2002-06-01,73.8346041585736,1.0359470196864118,4.17758,100.3699,5.2
2002-07-01,73.8346041585736,1.2567847426196987,4.06054,100.2777,5.2
2002-08-01,73.7552973871896,1.2567847426196987,3.98654,100.1609,5.3
2002-09-01,73.9139109299577,1.2567847426196987,3.98872,100.0121,5.2
2002-10-01,74.0725244727259,1.663269057246941,3.96401,99.81544,5.2
2002-11-01,73.8346041585736,1.663269057246941,3.97142,99.56586,5.1
2002-12-01,73.9139109299577,1.663269057246941,4.01777,99.2779,5.0
2003-01-01,74.231138015494,1.0775557432932237,3.98263,99.00169,5.1
2003-02-01,74.6276718724144,1.0775557432932237,3.75425,98.81327,5.2
2003-03-01,75.3414328148711,1.0775557432932237,3.65503,98.74686,5.1
2003-04-01,74.8655921865666,1.7766720327820895,3.64598,98.79483,5.0
2003-05-01,74.3897515582622,1.7766720327820895,3.632519999999999,98.91172,4.9
2003-06-01,74.231138015494,1.7766720327820895,3.63966,99.06673,5.1
2003-07-01,74.3104447868781,1.4427316998351092,3.49022,99.22873,5.1
2003-08-01,74.5483651010303,1.4427316998351092,3.5224900000000003,99.3889,5.0
2003-09-01,74.4690583296462,1.4427316998351092,3.6967,99.55057,5.0
2003-10-01,74.3897515582622,0.9371170813606611,3.80338,99.71155,4.9
2003-11-01,74.4690583296462,0.9371170813606611,3.98043,99.87271,4.9
2003-12-01,74.5483651010303,0.9371170813606611,4.01864,100.0286,4.8
2004-01-01,74.6276718724144,0.7302504696696355,4.05531,100.1472,4.8
2004-02-01,74.6276718724144,0.7302504696696355,4.16654,100.2101,4.8
2004-03-01,74.9448989579507,0.7302504696696355,4.29673,100.2163,4.8
2004-04-01,75.3414328148711,2.154421924666483,4.39472,100.1771,4.8
2004-05-01,75.9758869859436,2.154421924666483,4.52872,100.1178,4.8
2004-06-01,76.1345005287118,2.154421924666483,4.78974,100.0623,4.8
2004-07-01,76.29311407148,0.5640944767265621,4.85702,100.031,4.7
2004-08-01,76.6103411570163,0.5640944767265621,4.96284,100.0443,4.7
2004-09-01,77.0068750139366,0.5640944767265621,4.9469,100.102,4.7
2004-10-01,77.7206359563933,2.0938382108132814,4.90071,100.1896,4.7
2004-11-01,77.7999427277774,2.0938382108132814,4.88359,100.2735,4.7
2004-12-01,77.403408870857,2.0938382108132814,4.87103,100.3286,4.7
2005-01-01,77.1654885567048,0.8031665854342895,4.87316,100.3477,4.8
2005-02-01,77.4827156422411,0.8031665854342895,4.89069,100.3291,4.7
2005-03-01,78.1171698133137,0.8031665854342895,4.98736,100.2833,4.7
2005-04-01,78.9895442985385,2.120707742619876,4.94336,100.2198,4.8
2005-05-01,78.7516239843863,2.120707742619876,4.89375,100.1523,4.8
2005-06-01,79.0688510699226,2.120707742619876,4.84144,100.1052,4.7
2005-07-01,79.7826120123793,1.0071996120416316,4.65794,100.087,4.7
2005-08-01,80.0205323265315,1.0071996120416316,4.59465,100.0899,4.7
2005-09-01,80.7342932689882,1.0071996120416316,4.59686,100.1161,4.9
2005-10-01,80.8929068117563,1.421018690287812,4.58701,100.1745,5.1
2005-11-01,80.4170661834518,1.421018690287812,4.61847,100.2804,5.1
2005-12-01,80.0998390979156,1.421018690287812,4.63732,100.4186,5.1
2006-01-01,80.57567972622,1.1792617989204501,4.603680000000001,100.5566,5.2
2006-02-01,80.7342932689882,1.1792617989204501,4.58199,100.7101,5.2
2006-03-01,80.9722135831404,1.1792617989204501,4.58741,100.8596,5.3
2006-04-01,81.606667754213,1.6137292954572446,4.6296,100.9989,5.4
2006-05-01,82.2411219252856,1.6137292954572446,4.7015,101.1191,5.5
2006-06-01,82.3997354680537,1.6137292954572446,4.73498,101.2276,5.5
2006-07-01,82.7962693249741,1.0464742454542098,4.733219999999999,101.3468,5.5
2006-08-01,82.9548828677422,1.0464742454542098,4.94425,101.5059,5.5
2006-09-01,82.3204286966696,1.0464742454542098,5.02501,101.7327,5.5
2006-10-01,81.606667754213,0.5438372748279185,5.13176,101.9916,5.4
2006-11-01,81.5273609828289,0.5438372748279185,5.22544,102.2544,5.5
2006-12-01,81.5273609828289,0.5438372748279185,5.29167,102.5082,5.5
2007-01-01,81.606667754213,1.0882274068114706,5.48623,102.7377,5.5
2007-02-01,81.8445880683652,1.0882274068114706,5.5657,102.9458,5.5
2007-03-01,82.5583490108219,1.0882274068114706,5.54946,103.114,5.5
2007-04-01,83.1134964105104,2.4368762567713143,5.64899,103.2259,5.4
2007-05-01,83.6686438101989,2.4368762567713143,5.76742,103.2612,5.4
2007-06-01,84.1444844385034,2.4368762567713143,5.88018,103.2012,5.3
2007-07-01,84.4617115240396,0.8149809397530516,6.02396,103.0546,5.3
2007-08-01,84.5410182954238,0.8149809397530516,6.41946,102.8615,5.3
2007-09-01,85.0168589237282,0.8149809397530516,6.64694,102.6556,5.2
2007-10-01,85.6513130948008,0.7585585076459456,6.27014,102.4221,5.2
2007-11-01,86.8409146655619,0.7585585076459456,6.408580000000001,102.1363,5.2
2007-12-01,87.3960620652504,0.7585585076459456,6.359430000000001,101.804,5.2
2008-01-01,88.1891297790912,1.41646526141892,5.65965,101.4127,5.2
2008-02-01,88.6649704073956,1.41646526141892,5.64202,100.9501,5.2
2008-03-01,90.0131855209249,1.41646526141892,5.899290000000001,100.4028,5.3
2008-04-01,91.202787091686,0.725238813474105,5.91881,99.73904,5.2
2008-05-01,93.344069919056,0.725238813474105,5.82639,98.95143,5.4
2008-06-01,94.9302053467376,0.725238813474105,5.92944,98.06381,5.5
2008-07-01,95.8025798319624,-0.17245467137526616,5.8322,97.13998,5.7
2008-08-01,95.0888188895057,-0.17245467137526616,5.76619,96.2592,5.9
2008-09-01,95.0888188895057,-0.17245467137526616,5.9106,95.45549,6.0
2008-10-01,93.344069919056,-1.2182682740241146,6.13304,94.77122,6.2
2008-11-01,91.5200141772224,-1.2182682740241146,4.44684,94.27229,6.4
2008-12-01,90.092492292309,-1.2182682740241146,3.17247,93.9968,6.5
2009-01-01,89.4925422881426,-2.0872087284654617,2.34276,93.93752,6.7
2009-02-01,89.4925422881426,-2.0872087284654617,2.09038,94.12914,7.1
2009-03-01,89.3925506207816,-2.0872087284654617,1.83139,94.57948,7.3
2009-04-01,89.5925339555037,-0.08297275081809996,1.53413,95.27582,7.6
2009-05-01,89.6925256228648,-0.08297275081809996,1.35795,96.15395,7.8
2009-06-01,90.19248395967,-0.08297275081809996,1.24117,97.15379,7.9
2009-07-01,89.9925006249479,0.5285174348666377,1.00113,98.2061,7.9
2009-08-01,90.092492292309,0.5285174348666377,0.7736899999999999,99.22072,7.8
2009-09-01,90.2924756270311,0.5285174348666377,0.6056,100.1215,7.9
2009-10-01,90.69244229647532,-0.46758072651288396,0.5708699999999999,100.84,7.8
2009-11-01,91.2923923006416,-0.46758072651288396,0.60936,101.3371,7.8
2009-12-01,91.4923756353637,-0.46758072651288396,0.60541,101.6355,7.7
2010-01-01,91.5923673027248,2.4295527937142403,0.61265,101.7737,7.9
2010-02-01,91.6923589700858,2.4295527937142403,0.6331,101.7963,8.0
2010-03-01,92.8922589784185,2.4295527937142403,0.64549,101.7337,8.0
2010-04-01,93.99216731939012,1.2739287589354165,0.65592,101.5998,7.9
2010-05-01,94.1921506541122,1.2739287589354165,0.69713,101.4096,7.9
2010-06-01,93.99216731939012,1.2739287589354165,0.7283899999999999,101.2031,7.8
2010-07-01,93.99216731939012,0.7831056544614912,0.73603,101.0114,7.8
2010-08-01,93.892175652029,0.7831056544614912,0.73296,100.8733,7.8
2010-09-01,94.0921589867511,0.7831056544614912,0.7285899999999998,100.7928,7.9
2010-10-01,94.7921006582785,0.5994584100997846,0.7384,100.7575,7.9
2010-11-01,95.3920506624448,0.5994584100997846,0.73901,100.7538,7.9
2010-12-01,96.4919590034164,0.5994584100997846,0.74962,100.7629,7.9
2011-01-01,97.7918506791101,1.9708005870365142,0.76866,100.7624,7.8
2011-02-01,98.59178401799852,1.9708005870365142,0.79962,100.7368,7.8
2011-03-01,100.191650695775,1.9708005870365142,0.80913,100.6559,7.7
2011-04-01,101.191567369386,-0.5887089386363731,0.82096,100.5098,7.8
2011-05-01,101.191567369386,-0.5887089386363731,0.82344,100.2904,7.9
2011-06-01,101.391550704108,-0.5887089386363731,0.82512,99.97795,8.0
2011-07-01,101.691525706191,0.9096332366549831,0.8288999999999999,99.60056,8.2
2011-08-01,101.59153403883,0.9096332366549831,0.85782,99.20557,8.3
2011-09-01,101.991500708274,0.9096332366549831,0.9181,98.83717,8.4
2011-10-01,101.991500708274,0.7666149982576975,0.96991,98.52918,8.5
2011-11-01,102.291475710357,0.7666149982576975,1.01182,98.30586,8.4
2011-12-01,101.991500708274,0.7666149982576975,1.06148,98.17594,8.3
2012-01-01,102.291475710357,1.2484945326194596,1.08709,98.13241,8.3
2012-02-01,102.791434047163,1.2484945326194596,1.07249,98.14183,8.2
2012-03-01,103.691359053412,1.2484945326194596,1.03757,98.17329,8.2
2012-04-01,103.891342388134,0.09398407688321342,1.01792,98.21723,8.1
2012-05-01,103.091409049246,0.09398407688321342,1.005,98.28651,8.0
2012-06-01,102.091492375635,0.09398407688321342,0.94978,98.40971,8.0
2012-07-01,102.191484042996,1.4178505620806803,0.81735,98.59312,7.9
2012-08-01,103.191400716607,1.4178505620806803,0.70481,98.80869,7.8
2012-09-01,103.691359053412,1.4178505620806803,0.6480299999999999,99.03364,7.8
2012-10-01,103.791350720773,0.5355435720849178,0.54397,99.24596,7.8
2012-11-01,103.291392383968,0.5355435720849178,0.5245199999999999,99.43372,7.8
2012-12-01,102.891425714524,0.5355435720849178,0.51848,99.60844,7.8
2013-01-01,103.391384051329,1.1565483114533093,0.51228,99.80393,8.0
2013-02-01,104.691275727023,1.1565483114533093,0.50988,100.0251,7.8
2013-03-01,104.791267394384,1.1565483114533093,0.50688,100.2761,7.8
2013-04-01,104.091325722856,0.8697576679907781,0.5055699999999999,100.5456,7.7
2013-05-01,103.791350720773,0.8697576679907781,0.50563,100.8168,7.7
2013-06-01,103.891342388134,0.8697576679907781,0.50794,101.0825,7.7
2013-07-01,104.591284059662,1.5166423506260074,0.50944,101.3439,7.7
2013-08-01,104.791267394384,1.5166423506260074,0.5126199999999999,101.5707,7.6
2013-09-01,104.791267394384,1.5166423506260074,0.51688,101.748,7.4
2013-10-01,103.991334055495,0.7537878787878816,0.51663,101.8718,7.2
2013-11-01,103.691359053412,0.7537878787878816,0.52344,101.9722,7.2
2013-12-01,103.691359053412,0.7537878787878816,0.5247399999999999,102.0683,7.1
2014-01-01,103.791350720773,1.216321710457935,0.52093,102.1623,6.9
2014-02-01,103.991334055495,1.216321710457935,0.52153,102.245,6.7
2014-03-01,103.991334055495,1.216321710457935,0.5215699999999999,102.3122,6.6
2014-04-01,103.891342388134,0.8446894466257238,0.52665,102.3371,6.4
2014-05-01,103.791350720773,0.8446894466257238,0.5274399999999999,102.3039,6.3
2014-06-01,103.591367386051,0.8446894466257238,0.5439399999999999,102.2122,6.1
2014-07-01,103.49137571869,1.9662051049834428,0.55641,102.0791,6.0
2014-08-01,103.291392383968,1.9662051049834428,0.5611899999999999,101.9268,6.0
2014-09-01,102.991417381885,1.9662051049834428,0.56291,101.7645,5.9
2014-10-01,102.291475710357,0.432192153396338,0.55836,101.6115,5.9
2014-11-01,101.791517373552,0.432192153396338,0.55628,101.4752,5.7
2014-12-01,100.791600699942,0.432192153396338,0.55818,101.3737,5.6
2015-01-01,99.9916673610533,0.4277934574258735,0.5625999999999999,101.3157,5.6
2015-02-01,100.291642363136,0.4277934574258735,0.5636299999999999,101.3012,5.5
2015-03-01,100.59161736522,0.4277934574258735,0.56436,101.3052,5.5
2015-04-01,100.691609032581,0.40258700598296837,0.5695,101.2973,5.6
2015-05-01,100.891592367303,0.40258700598296837,0.56798,101.2598,5.6
2015-06-01,100.691609032581,0.40258700598296837,0.57188,101.1907,5.5
2015-07-01,100.291642363136,0.6993417836257843,0.5808399999999999,101.074,5.4
2015-08-01,99.7916840263312,0.6993417836257843,0.5867,100.9208,5.3
2015-09-01,99.591700691609,0.6993417836257843,0.58576,100.7459,5.2
2015-10-01,99.3917173568869,1.1110092431301677,0.58006,100.5719,5.1
2015-11-01,99.0917423548038,1.1110092431301677,0.57371,100.4055,5.1
2015-12-01,98.6917756853596,1.1110092431301677,0.58277,100.2518,5.1
2016-01-01,98.7917673527206,0.912301960202444,0.58976,100.1023,5.1
2016-02-01,98.89175902008168,0.912301960202444,0.5907299999999999,99.98015,5.1
2016-03-01,99.1917340221648,0.912301960202444,0.58825,99.89868,5.0
2016-04-01,99.2917256895259,0.8223687569305138,0.5888999999999999,99.84998,4.9
2016-05-01,99.3917173568869,0.8223687569305138,0.5892899999999999,99.839,4.9
2016-06-01,99.7916840263312,0.8223687569305138,0.5746799999999999,99.87375,4.9
2016-07-01,100.291642363136,1.4362682546434247,0.5136,99.96864,5.0
2016-08-01,100.491625697859,1.4362682546434247,0.4061299999999999,100.1463,4.8
2016-09-01,100.691609032581,1.4362682546434247,0.3790699999999999,100.3721,4.8
2016-10-01,101.691525706191,1.3278727478579277,0.3975,100.583,4.8
2016-11-01,101.691525706191,1.3278727478579277,0.3977299999999999,100.7638,4.7
2016-12-01,101.991500708274,1.3278727478579277,0.3722599999999999,100.9139,4.7
2017-01-01,102.791434047163,1.253914171023407,0.3620999999999999,101.023,4.6
2017-02-01,103.091409049246,1.253914171023407,0.35674,101.1018,4.6
2017-03-01,103.391384051329,1.253914171023407,0.3456699999999999,101.1461,4.5
2017-04-01,103.49137571869,0.747741400584645,0.3351299999999999,101.146,4.4
2017-05-01,103.49137571869,0.747741400584645,0.3108099999999999,101.1503,4.4
2017-06-01,103.591367386051,0.747741400584645,0.2944199999999999,101.1401,4.3
2017-07-01,103.791350720773,0.6956357117468004,0.2931,101.1061,4.3
2017-08-01,104.291309057579,0.6956357117468004,0.28119,101.0439,4.3
2017-09-01,104.791267394384,0.6956357117468004,0.30911,100.9565,4.2
2017-10-01,105.091242396467,1.6302898570186963,0.3818699999999999,100.8253,4.3
2017-11-01,105.491209065911,1.6302898570186963,0.5185699999999999,100.6693,4.4
2017-12-01,105.791184067994,1.6302898570186963,0.51871,100.5159,4.3
2018-01-01,105.991167402716,0.25974271125330795,0.5224999999999999,100.3737,4.2
2018-02-01,105.991167402716,0.25974271125330795,0.54683,100.2488,4.2
2018-03-01,106.191150737439,0.25974271125330795,0.6284199999999999,100.1424,4.2
2018-04-01,106.691109074244,0.8615576948059811,0.75629,100.0481,4.2
2018-05-01,107.591034080493,0.8615576948059811,0.64355,99.94149,4.0
2018-06-01,108.090992417299,0.8615576948059811,0.63868,99.77225,4.0
2018-07-01,107.891009082576,0.8396380857446317,0.7461899999999999,99.52518,4.0
2018-08-01,108.290975752021,0.8396380857446317,0.8051899999999999,99.20525,4.1
2018-09-01,108.790934088826,0.8396380857446317,0.80093,98.83292,4.1
2018-10-01,109.19090075827,0.9359409853666678,0.80618,98.46822,4.0
2018-11-01,108.990917423548,0.9359409853666678,0.8748299999999998,98.14095,4.0
2018-12-01,108.390967419382,0.9359409853666678,0.90444,97.88238,3.9
2019-01-01,108.290975752021,0.6967305565591442,0.91822,97.71876,4.0
2019-02-01,108.490959086743,0.6967305565591442,0.8759799999999999,97.65314,3.8
2019-03-01,108.690942421465,0.6967305565591442,0.8399999999999999,97.65024,3.8
2019-04-01,109.19090075827,1.2829198994645408,0.82,97.67321,3.8
2019-05-01,109.690859095075,1.2829198994645408,0.8,97.69692,3.9
2019-06-01,109.490875760353,1.2829198994645408,0.78,97.6971,3.9
2019-07-01,109.890842429798,1.2398759944183046,0.77,97.67192,3.9
2019-08-01,109.790850762436,1.2398759944183046,0.76,97.62749,3.9
2019-09-01,109.690859095075,1.2398759944183046,0.77,97.60423,3.8
2019-10-01,109.390884092992,0.49005415640170913,0.78,97.65468,3.8
2019-11-01,108.990917423548,0.49005415640170913,0.79,97.81886,3.7
2019-12-01,108.990917423548,0.49005415640170913,0.79,98.09505,3.9
2020-01-01,109.19090075827,-1.7440319005652571,0.7399999999999999,98.47291,3.9
2020-02-01,108.990917423548,-1.7440319005652571,0.75,98.94115,4.1
2020-03-01,108.490959086743,-1.7440319005652571,0.53,95.78288,4.1
2020-04-01,107.29105907841,-14.342919745057936,0.65,87.03677,4.1
2020-05-01,107.191067411049,-14.342919745057936,0.33,89.42249,4.1
2020-06-01,107.691025747854,-14.342919745057936,0.19,94.93774,4.4
2020-07-01,107.991000749938,12.10643481182796,0.1,99.2552,4.6
2020-08-01,107.891009082576,12.10643481182796,0.07,99.22291,5.0
2020-09-01,107.791017415215,12.10643481182796,0.06,98.39915,5.2
2020-10-01,107.891009082576,0.7161777874358899,0.05,97.9537,5.2
2020-11-01,108.290975752021,0.7161777874358899,0.04,97.95664,5.3
2020-12-01,108.690942421465,0.7161777874358899,0.03,98.99805,5.2
2021-01-01,109.490875760353,0.0675186792379101,0.03,98.63132,5.0
2021-02-01,110.190817431881,0.0675186792379101,0.05,99.44401,4.9
2021-03-01,110.590784101325,0.0675186792379101,0.08,100.5064,4.8
2021-04-01,111.09074243813,5.6746196969471585,0.09,101.1677,4.8
2021-05-01,111.890675777019,5.6746196969471585,0.08,101.6467,4.7
2021-06-01,112.690609115907,5.6746196969471585,0.08,101.981,4.6
2021-07-01,113.790517456879,2.336589149741175,0.08,102.1256,4.5
2021-08-01,114.590450795767,2.336589149741175,0.07,102.0925,4.4
2021-09-01,115.390384134655,2.336589149741175,0.07,101.9255,4.3
2021-10-01,117.290225814515,2.6257938656422786,0.16,101.6747,4.2
2021-11-01,118.390134155487,2.6257938656422786,0.13,101.3262,4.2
2021-12-01,118.990084159653,2.6257938656422786,0.16,100.8204,4.1
2022-01-01,120.689942504791,2.2214704177985656,0.53,100.1169,3.9
2022-02-01,121.989834180485,2.2214704177985656,0.81,99.24646,3.8
2022-03-01,125.789517540205,2.2214704177985656,0.99,98.32189,3.8
2022-04-01,129.489209232564,2.4774472184629692,1.13,97.46827,3.7
2022-05-01,131.789017581868,2.4774472184629692,1.31,96.74087,3.8
2022-06-01,134.688775935339,2.4774472184629692,1.57,96.14956,3.6
2022-07-01,136.488625947838,1.7724356360927063,1.84,95.69489,3.6
2022-08-01,136.488625947838,1.7724356360927063,2.23,95.37001,3.7
2022-09-01,136.488625947838,1.7724356360927063,2.91,95.21352,3.8
2022-10-01,137.788517623531,2.7505957869965236,3.39,95.28648,3.9
2022-11-01,137.68852595617,2.7505957869965236,3.52,95.55786,3.9
2022-12-01,136.488625947838,2.7505957869965236,3.78,95.9605,3.9
2023-01-01,136.488625947838,1.9938476780488656,4.01,96.4459,4.0
2023-02-01,136.488625947838,1.9938476780488656,4.21,96.96703,4.0
2023-03-01,136.488625947838,1.9938476780488656,4.33,97.46243,3.9
2023-04-01,136.488625947838,1.8482902940025747,4.52,97.93167,4.0
2023-05-01,136.488625947838,1.8482902940025747,4.73,98.35451,4.2
2023-06-01,136.488625947838,1.8482902940025747,5.09,98.72479,4.3
2023-07-01,136.488625947838,0.8245110261055899,5.49,99.04496,4.3
2023-08-01,136.488625947838,0.8245110261055899,5.53,99.34476,4.1
2023-09-01,136.488625947838,0.8245110261055899,5.52,99.62029,4.0
2023-10-01,136.488625947838,0.10422825111124912,5.4,99.85496,4.0
2023-11-01,136.488625947838,0.10422825111124912,5.36,100.0583,3.9
2023-12-01,136.488625947838,0.10422825111124912,5.22,100.2583,4.1
2024-01-01,136.488625947838,1.9031744851250254,5.2,100.4425,4.2
2024-02-01,136.488625947838,1.9031744851250254,5.21,100.6081,4.3
2024-03-01,136.488625947838,1.9031744851250254,5.2,100.7539,4.4
2024-04-01,136.488625947838,1.2354035489410498,5.18,100.9168,4.4
2024-05-01,136.488625947838,1.2354035489410498,5.16,101.1243,4.2
2024-06-01,136.488625947838,1.2354035489410498,5.16,101.3372,4.2
2024-07-01,136.488625947838,1.364934912564153,5.09,101.4893,4.1
2024-08-01,136.488625947838,1.364934912564153,4.91,101.5267,4.3
2024-09-01,136.488625947838,1.364934912564153,4.84,101.4537,4.3
2024-10-01,136.488625947838,1.0647213944154688,4.75,101.332,4.4
2024-11-01,136.488625947838,1.0647213944154688,4.68,101.2132,4.4
2024-12-01,136.488625947838,1.0647213944154688,4.64,101.1232,4.4
